report_date,source_file,status,error_message,run_at
2020-01-01,SOKUHO 2020.01.01.pdf,SKIPPED,"Unknown stores in SOKUHO 2020.01.01.pdf: ALL 17 STORES, Rainbow Market, Temporary Stall",2026-03-30 12:09:10.740000
2020-01-02,SOKUHO 2020.01.02.pdf,SKIPPED,"Unknown stores in SOKUHO 2020.01.02.pdf: Rainbow Market, Temporary Stall",2026-03-30 12:09:11.073333
2020-01-03,SOKUHO 2020.01.03.pdf,SKIPPED,"Unknown stores in SOKUHO 2020.01.03.pdf: Rainbow Market, Temporary Stall",2026-03-30 12:09:11.403333
2020-01-04,SOKUHO 2020.01.04.pdf,SKIPPED,"Unknown stores in SOKUHO 2020.01.04.pdf: Rainbow Market, Temporary Stall",2026-03-30 12:09:11.716666
2020-01-05,SOKUHO 2020.01.05.pdf,SKIPPED,"Unknown stores in SOKUHO 2020.01.05.pdf: Rainbow Market, Temporary Stall",2026-03-30 12:09:12.033333
2020-01-06,SOKUHO 2020.01.06.pdf,SKIPPED,"Unknown stores in SOKUHO 2020.01.06.pdf: Rainbow Market, Temporary Stall",2026-03-30 12:09:12.383333
2020-01-07,SOKUHO 2020.01.07.pdf,SKIPPED,"Unknown stores in SOKUHO 2020.01.07.pdf: Rainbow Market, Temporary Stall",2026-03-30 12:09:12.713333
2020-01-08,SOKUHO 2020.01.08.pdf,SKIPPED,"Unknown stores in SOKUHO 2020.01.08.pdf: Rainbow Market, Temporary Stall",2026-03-30 12:09:13.033333
2020-01-09,SOKUHO 2020.01.09.pdf,SKIPPED,"Unknown stores in SOKUHO 2020.01.09.pdf: Rainbow Market, Temporary Stall",2026-03-30 12:09:13.370000
2020-01-10,SOKUHO 2020.01.10.pdf,SKIPPED,"Unknown stores in SOKUHO 2020.01.10.pdf: Rainbow Market, Temporary Stall",2026-03-30 12:09:13.713333
2020-01-11,SOKUHO 2020.01.11.pdf,SKIPPED,"Unknown stores in SOKUHO 2020.01.11.pdf: Rainbow Market, Temporary Stall",2026-03-30 12:09:14.060000
2020-01-12,SOKUHO 2020.01.12.pdf,SKIPPED,"Unknown stores in SOKUHO 2020.01.12.pdf: Rainbow Market, Temporary Stall",2026-03-30 12:09:14.393333
2020-01-13,SOKUHO 2020.01.13.pdf,SKIPPED,"Unknown stores in SOKUHO 2020.01.13.pdf: Rainbow Market, Temporary Stall",2026-03-30 12:09:14.710000
2020-01-14,SOKUHO 2020.01.14.pdf,SKIPPED,"Unknown stores in SOKUHO 2020.01.14.pdf: Rainbow Market, Temporary Stall",2026-03-30 12:09:15.050000
2020-01-15,SOKUHO 2020.01.15.pdf,SKIPPED,"Unknown stores in SOKUHO 2020.01.15.pdf: Rainbow Market, Temporary Stall",2026-03-30 12:09:15.376666
2020-01-16,SOKUHO 2020.01.16.pdf,SKIPPED,"Unknown stores in SOKUHO 2020.01.16.pdf: Rainbow Market, Temporary Stall",2026-03-30 12:09:15.723333
2020-01-17,SOKUHO 2020.01.17.pdf,SKIPPED,"Unknown stores in SOKUHO 2020.01.17.pdf: Rainbow Market, Temporary Stall",2026-03-30 12:09:16.030000
2020-01-18,SOKUHO 2020.01.18.pdf,SKIPPED,"Unknown stores in SOKUHO 2020.01.18.pdf: Rainbow Market, Temporary Stall",2026-03-30 12:09:16.370000
2020-01-19,SOKUHO 2020.01.19.pdf,SKIPPED,"Unknown stores in SOKUHO 2020.01.19.pdf: Rainbow Market, Temporary Stall",2026-03-30 12:09:16.720000
2020-01-20,SOKUHO 2020.01.20.pdf,SKIPPED,"Unknown stores in SOKUHO 2020.01.20.pdf: Rainbow Market, Temporary Stall",2026-03-30 12:09:17.090000
2020-01-21,SOKUHO 2020.01.21.pdf,SKIPPED,"Unknown stores in SOKUHO 2020.01.21.pdf: Rainbow Market, Taipei 101, Temporary Stall",2026-03-30 12:09:17.433333
2020-01-22,SOKUHO 2020.01.22.pdf,SKIPPED,"Unknown stores in SOKUHO 2020.01.22.pdf: Rainbow Market, Taipei 101, Temporary Stall",2026-03-30 12:09:17.800000
2020-01-23,SOKUHO 2020.01.23.pdf,SKIPPED,"Unknown stores in SOKUHO 2020.01.23.pdf: Rainbow Market, Taipei 101, Temporary Stall",2026-03-30 12:09:18.163333
2020-01-24,SOKUHO 2020.01.24.pdf,SKIPPED,"Unknown stores in SOKUHO 2020.01.24.pdf: Rainbow Market, Taipei 101, Temporary Stall",2026-03-30 12:09:18.540000
2020-01-25,SOKUHO 2020.01.25.pdf,SKIPPED,"Unknown stores in SOKUHO 2020.01.25.pdf: Rainbow Market, Taipei 101, Temporary Stall",2026-03-30 12:09:18.876666
2020-01-26,SOKUHO 2020.01.26.pdf,SKIPPED,"Unknown stores in SOKUHO 2020.01.26.pdf: Rainbow Market, Taipei 101, Temporary Stall",2026-03-30 12:09:19.236666
2020-01-27,SOKUHO 2020.01.27.pdf,SKIPPED,"Unknown stores in SOKUHO 2020.01.27.pdf: Rainbow Market, Taipei 101, Temporary Stall",2026-03-30 12:09:19.590000
2020-01-28,SOKUHO 2020.01.28.pdf,SKIPPED,"Unknown stores in SOKUHO 2020.01.28.pdf: Rainbow Market, Taipei 101, Temporary Stall",2026-03-30 12:09:19.960000
2020-01-29,SOKUHO 2020.01.29.pdf,SKIPPED,"Unknown stores in SOKUHO 2020.01.29.pdf: Rainbow Market, Taipei 101, Temporary Stall",2026-03-30 12:09:20.303333
2020-01-30,SOKUHO 2020.01.30.pdf,SKIPPED,"Unknown stores in SOKUHO 2020.01.30.pdf: Rainbow Market, Taipei 101, Temporary Stall",2026-03-30 12:09:20.646666
2020-01-31,SOKUHO 2020.01.31.pdf,SKIPPED,"Unknown stores in SOKUHO 2020.01.31.pdf: Rainbow Market, Taipei 101, Temporary Stall",2026-03-30 12:09:21.066666
2021-01-14,SOKUHO 2021.01.14.pdf,SKIPPED,"Unknown stores in SOKUHO 2021.01.14.pdf: Rainbow Market, Temporary Stall",2026-03-30 12:11:36.646666
2021-01-28,SOKUHO 2021.01.28.pdf,SKIPPED,"Unknown stores in SOKUHO 2021.01.28.pdf: Kaohsiung Zuoying, Temporary Stall",2026-03-30 12:11:42.166666
2021-01-29,SOKUHO 2021.01.29.pdf,SKIPPED,"Unknown stores in SOKUHO 2021.01.29.pdf: Kaohsiung Zuoying, Temporary Stall",2026-03-30 12:11:42.520000
2021-01-30,SOKUHO 2021.01.30.pdf,SKIPPED,"Unknown stores in SOKUHO 2021.01.30.pdf: Kaohsiung Zuoying, Temporary Stall",2026-03-30 12:11:42.883333
2021-01-31,SOKUHO 2021.01.31.pdf,SKIPPED,"Unknown stores in SOKUHO 2021.01.31.pdf: Kaohsiung Zuoying, Temporary Stall",2026-03-30 12:11:43.260000
2021-02-01,SOKUHO 2021.02.01.pdf,SKIPPED,"Unknown stores in SOKUHO 2021.02.01.pdf: Kaohsiung Zuoying, Temporary Stall",2026-03-30 12:11:43.646666
2021-02-02,SOKUHO 2021.02.02.pdf,SKIPPED,"Unknown stores in SOKUHO 2021.02.02.pdf: Kaohsiung Zuoying, Temporary Stall",2026-03-30 12:11:43.986666
2021-02-03,SOKUHO 2021.02.03.pdf,SKIPPED,"Unknown stores in SOKUHO 2021.02.03.pdf: Kaohsiung Zuoying, Temporary Stall",2026-03-30 12:11:44.340000
2021-02-04,SOKUHO 2021.02.04.pdf,SKIPPED,"Unknown stores in SOKUHO 2021.02.04.pdf: Kaohsiung Zuoying, Temporary Stall",2026-03-30 12:11:44.710000
2021-02-05,SOKUHO 2021.02.05.pdf,SKIPPED,"Unknown stores in SOKUHO 2021.02.05.pdf: Kaohsiung Zuoying, Temporary Stall",2026-03-30 12:11:45.063333
2021-02-06,SOKUHO 2021.02.06.pdf,SKIPPED,"Unknown stores in SOKUHO 2021.02.06.pdf: Kaohsiung Zuoying, Temporary Stall",2026-03-30 12:11:45.396666
2021-02-07,SOKUHO 2021.02.07.pdf,SKIPPED,"Unknown stores in SOKUHO 2021.02.07.pdf: Kaohsiung Zuoying, Temporary Stall",2026-03-30 12:11:45.750000
2021-02-08,SOKUHO 2021.02.08.pdf,SKIPPED,"Unknown stores in SOKUHO 2021.02.08.pdf: Kaohsiung Zuoying, Temporary Stall",2026-03-30 12:11:46.106666
2021-02-09,SOKUHO 2021.02.09.pdf,SKIPPED,"Unknown stores in SOKUHO 2021.02.09.pdf: Kaohsiung Zuoying, Temporary Stall",2026-03-30 12:11:46.490000
2021-02-10,SOKUHO 2021.02.10.pdf,SKIPPED,"Unknown stores in SOKUHO 2021.02.10.pdf: Kaohsiung Zuoying, Temporary Stall",2026-03-30 12:11:46.830000
2021-02-11,SOKUHO 2021.02.11.pdf,SKIPPED,"Unknown stores in SOKUHO 2021.02.11.pdf: Kaohsiung Zuoying, Temporary Stall",2026-03-30 12:11:47.160000
2021-02-12,SOKUHO 2021.02.12.pdf,SKIPPED,"Unknown stores in SOKUHO 2021.02.12.pdf: Kaohsiung Zuoying, Temporary Stall",2026-03-30 12:11:47.553333
2021-02-13,SOKUHO 2021.02.13.pdf,SKIPPED,"Unknown stores in SOKUHO 2021.02.13.pdf: Kaohsiung Zuoying, Temporary Stall",2026-03-30 12:11:47.926666
2021-02-14,SOKUHO 2021.02.14.pdf,SKIPPED,"Unknown stores in SOKUHO 2021.02.14.pdf: Kaohsiung Zuoying, Temporary Stall",2026-03-30 12:11:48.280000
2021-02-15,SOKUHO 2021.02.15.pdf,SKIPPED,"Unknown stores in SOKUHO 2021.02.15.pdf: Kaohsiung Zuoying, Temporary Stall",2026-03-30 12:11:48.636666
2021-02-16,SOKUHO 2021.02.16.pdf,SKIPPED,"Unknown stores in SOKUHO 2021.02.16.pdf: Kaohsiung Zuoying, Temporary Stall",2026-03-30 12:11:49.013333
2021-02-17,SOKUHO 2021.02.17.pdf,SKIPPED,"Unknown stores in SOKUHO 2021.02.17.pdf: Kaohsiung Zuoying, Temporary Stall",2026-03-30 12:11:49.403333
2021-02-18,SOKUHO 2021.02.18.pdf,SKIPPED,"Unknown stores in SOKUHO 2021.02.18.pdf: Kaohsiung Zuoying, Temporary Stall",2026-03-30 12:11:49.806666
2021-02-19,SOKUHO 2021.02.19.pdf,SKIPPED,"Unknown stores in SOKUHO 2021.02.19.pdf: Kaohsiung Zuoying, Temporary Stall",2026-03-30 12:11:50.160000
2021-02-20,SOKUHO 2021.02.20.pdf,SKIPPED,"Unknown stores in SOKUHO 2021.02.20.pdf: Kaohsiung Zuoying, Temporary Stall",2026-03-30 12:11:50.550000
2021-02-21,SOKUHO 2021.02.21.pdf,SKIPPED,"Unknown stores in SOKUHO 2021.02.21.pdf: Kaohsiung Zuoying, Temporary Stall",2026-03-30 12:11:50.930000
2021-02-22,SOKUHO 2021.02.22.pdf,SKIPPED,"Unknown stores in SOKUHO 2021.02.22.pdf: Kaohsiung Zuoying, Temporary Stall",2026-03-30 12:11:51.290000
2021-02-23,SOKUHO 2021.02.23.pdf,SKIPPED,"Unknown stores in SOKUHO 2021.02.23.pdf: Kaohsiung Zuoying, Temporary Stall",2026-03-30 12:11:51.683333
2021-02-24,SOKUHO 2021.02.24.pdf,SKIPPED,"Unknown stores in SOKUHO 2021.02.24.pdf: Kaohsiung Zuoying, Temporary Stall",2026-03-30 12:11:52.100000
2021-02-25,SOKUHO 2021.02.25.pdf,SKIPPED,"Unknown stores in SOKUHO 2021.02.25.pdf: Kaohsiung Zuoying, Temporary Stall",2026-03-30 12:11:52.526666
2021-02-26,SOKUHO 2021.02.26.pdf,SKIPPED,"Unknown stores in SOKUHO 2021.02.26.pdf: Kaohsiung Zuoying, Temporary Stall",2026-03-30 12:11:52.883333
2021-02-27,SOKUHO 2021.02.27.pdf,SKIPPED,"Unknown stores in SOKUHO 2021.02.27.pdf: Kaohsiung Zuoying, Temporary Stall",2026-03-30 12:11:53.246666
2021-02-28,SOKUHO 2021.02.28.pdf,SKIPPED,"Unknown stores in SOKUHO 2021.02.28.pdf: Kaohsiung Zuoying, Temporary Stall",2026-03-30 12:11:53.673333
2021-03-01,SOKUHO 2021.03.01.pdf,SKIPPED,"Unknown stores in SOKUHO 2021.03.01.pdf: Kaohsiung Zuoying, Temporary Stall",2026-03-30 12:11:54.040000
2021-03-02,SOKUHO 2021.03.02.pdf,SKIPPED,"Unknown stores in SOKUHO 2021.03.02.pdf: Kaohsiung Zuoying, Temporary Stall",2026-03-30 12:11:54.380000
2021-03-03,SOKUHO 2021.03.03.pdf,SKIPPED,"Unknown stores in SOKUHO 2021.03.03.pdf: Kaohsiung Zuoying, Temporary Stall",2026-03-30 12:11:54.710000
2021-03-04,SOKUHO 2021.03.04.pdf,SKIPPED,"Unknown stores in SOKUHO 2021.03.04.pdf: Kaohsiung Zuoying, Temporary Stall",2026-03-30 12:11:55.176666
2021-03-05,SOKUHO 2021.03.05.pdf,SKIPPED,"Unknown stores in SOKUHO 2021.03.05.pdf: Kaohsiung Zuoying, Temporary Stall",2026-03-30 12:11:55.696666
2021-03-06,SOKUHO 2021.03.06.pdf,SKIPPED,"Unknown stores in SOKUHO 2021.03.06.pdf: Kaohsiung Zuoying, Temporary Stall",2026-03-30 12:11:56.050000
2021-03-07,SOKUHO 2021.03.07.pdf,SKIPPED,"Unknown stores in SOKUHO 2021.03.07.pdf: Kaohsiung Zuoying, Temporary Stall",2026-03-30 12:11:56.390000
2021-03-08,SOKUHO 2021.03.08.pdf,SKIPPED,"Unknown stores in SOKUHO 2021.03.08.pdf: Kaohsiung Zuoying, Temporary Stall",2026-03-30 12:11:56.793333
2021-03-09,SOKUHO 2021.03.09.pdf,SKIPPED,"Unknown stores in SOKUHO 2021.03.09.pdf: Kaohsiung Zuoying, Temporary Stall",2026-03-30 12:11:57.170000
2021-03-10,SOKUHO 2021.03.10.pdf,SKIPPED,"Unknown stores in SOKUHO 2021.03.10.pdf: Kaohsiung Zuoying, Temporary Stall",2026-03-30 12:11:57.533333
2021-03-11,SOKUHO 2021.03.11(TMMK Revised).pdf,SKIPPED,"Unknown stores in SOKUHO 2021.03.11(TMMK Revised).pdf: Kaohsiung Zuoying, Temporary Stall",2026-03-30 12:11:57.880000
2021-03-12,SOKUHO 2021.03.12.pdf,SKIPPED,"Unknown stores in SOKUHO 2021.03.12.pdf: Kaohsiung Zuoying, Temporary Stall",2026-03-30 12:11:58.253333
2021-03-13,SOKUHO 2021.03.13.pdf,SKIPPED,"Unknown stores in SOKUHO 2021.03.13.pdf: Kaohsiung Zuoying, Temporary Stall",2026-03-30 12:11:58.640000
2021-03-14,SOKUHO 2021.03.14.pdf,SKIPPED,"Unknown stores in SOKUHO 2021.03.14.pdf: Kaohsiung Zuoying, Temporary Stall",2026-03-30 12:11:58.996666
2021-03-15,SOKUHO 2021.03.15.pdf,SKIPPED,"Unknown stores in SOKUHO 2021.03.15.pdf: Kaohsiung Zuoying, Temporary Stall",2026-03-30 12:11:59.346666
2021-03-16,SOKUHO 2021.03.16.pdf,SKIPPED,"Unknown stores in SOKUHO 2021.03.16.pdf: Kaohsiung Zuoying, Temporary Stall",2026-03-30 12:11:59.733333
2021-03-17,SOKUHO 2021.03.17.pdf,SKIPPED,"Unknown stores in SOKUHO 2021.03.17.pdf: Kaohsiung Zuoying, Temporary Stall",2026-03-30 12:12:00.110000
2021-03-18,SOKUHO 2021.03.18.pdf,SKIPPED,"Unknown stores in SOKUHO 2021.03.18.pdf: Kaohsiung Zuoying, Temporary Stall",2026-03-30 12:12:00.466666
2021-03-19,SOKUHO 2021.03.19.pdf,SKIPPED,"Unknown stores in SOKUHO 2021.03.19.pdf: Kaohsiung Zuoying, Temporary Stall",2026-03-30 12:12:00.830000
2021-03-20,SOKUHO 2021.03.20.pdf,SKIPPED,"Unknown stores in SOKUHO 2021.03.20.pdf: Kaohsiung Zuoying, Temporary Stall",2026-03-30 12:12:01.200000
2021-03-21,SOKUHO 2021.03.21.pdf,SKIPPED,"Unknown stores in SOKUHO 2021.03.21.pdf: Kaohsiung Zuoying, Temporary Stall",2026-03-30 12:12:01.586666
2021-03-22,SOKUHO 2021.03.22.pdf,SKIPPED,"Unknown stores in SOKUHO 2021.03.22.pdf: Kaohsiung Zuoying, Temporary Stall",2026-03-30 12:12:01.926666
2021-03-23,SOKUHO 2021.03.23.pdf,SKIPPED,"Unknown stores in SOKUHO 2021.03.23.pdf: Kaohsiung Zuoying, Temporary Stall",2026-03-30 12:12:02.243333
2021-03-24,SOKUHO 2021.03.24.pdf,SKIPPED,"Unknown stores in SOKUHO 2021.03.24.pdf: Kaohsiung Zuoying, Temporary Stall",2026-03-30 12:12:02.610000
2021-03-25,SOKUHO 2021.03.25.pdf,SKIPPED,"Unknown stores in SOKUHO 2021.03.25.pdf: Kaohsiung Zuoying, Temporary Stall",2026-03-30 12:12:02.966666
2021-03-26,SOKUHO 2021.03.26.pdf,SKIPPED,"Unknown stores in SOKUHO 2021.03.26.pdf: Kaohsiung Zuoying, Temporary Stall",2026-03-30 12:12:03.333333
2021-03-27,SOKUHO 2021.03.27.pdf,SKIPPED,"Unknown stores in SOKUHO 2021.03.27.pdf: Kaohsiung Zuoying, Temporary Stall",2026-03-30 12:12:03.673333
2021-03-28,SOKUHO 2021.03.28.pdf,SKIPPED,"Unknown stores in SOKUHO 2021.03.28.pdf: Kaohsiung Zuoying, Temporary Stall",2026-03-30 12:12:04.016666
2021-03-29,SOKUHO 2021.03.29.pdf,SKIPPED,"Unknown stores in SOKUHO 2021.03.29.pdf: Kaohsiung Zuoying, Temporary Stall",2026-03-30 12:12:04.400000
2021-03-30,SOKUHO 2021.03.30.pdf,SKIPPED,"Unknown stores in SOKUHO 2021.03.30.pdf: Kaohsiung Zuoying, Temporary Stall",2026-03-30 12:12:04.806666
2021-03-31,SOKUHO 2021.03.31.pdf,SKIPPED,"Unknown stores in SOKUHO 2021.03.31.pdf: Kaohsiung Zuoying, Temporary Stall",2026-03-30 12:12:05.163333
2021-04-01,SOKUHO 2021.04.01.pdf,SKIPPED,Unknown stores in SOKUHO 2021.04.01.pdf: Temporary Stall,2026-03-30 12:12:05.563333
2021-04-02,SOKUHO 2021.04.02.pdf,SKIPPED,Unknown stores in SOKUHO 2021.04.02.pdf: Temporary Stall,2026-03-30 12:12:05.906666
2021-04-03,SOKUHO 2021.04.03.pdf,SKIPPED,Unknown stores in SOKUHO 2021.04.03.pdf: Temporary Stall,2026-03-30 12:12:06.263333
2021-04-04,SOKUHO 2021.04.04.pdf,SKIPPED,Unknown stores in SOKUHO 2021.04.04.pdf: Temporary Stall,2026-03-30 12:12:06.603333
2021-04-05,SOKUHO 2021.04.05.pdf,SKIPPED,Unknown stores in SOKUHO 2021.04.05.pdf: Temporary Stall,2026-03-30 12:12:06.936666
2021-04-06,SOKUHO 2021.04.06.pdf,SKIPPED,Unknown stores in SOKUHO 2021.04.06.pdf: Temporary Stall,2026-03-30 12:12:07.300000
2021-04-07,SOKUHO 2021.04.07.pdf,SKIPPED,Unknown stores in SOKUHO 2021.04.07.pdf: Temporary Stall,2026-03-30 12:12:07.660000
2021-04-08,SOKUHO 2021.04.08.pdf,SKIPPED,Unknown stores in SOKUHO 2021.04.08.pdf: Temporary Stall,2026-03-30 12:12:07.986666
2021-04-09,SOKUHO 2021.04.09.pdf,SKIPPED,Unknown stores in SOKUHO 2021.04.09.pdf: Temporary Stall,2026-03-30 12:12:08.356666
2021-04-10,SOKUHO 2021.04.10.pdf,SKIPPED,Unknown stores in SOKUHO 2021.04.10.pdf: Temporary Stall,2026-03-30 12:12:08.716666
2021-04-11,SOKUHO 2021.04.11.pdf,SKIPPED,Unknown stores in SOKUHO 2021.04.11.pdf: Temporary Stall,2026-03-30 12:12:09.090000
2021-04-12,SOKUHO 2021.04.12.pdf,SKIPPED,Unknown stores in SOKUHO 2021.04.12.pdf: Temporary Stall,2026-03-30 12:12:09.420000
2021-04-13,SOKUHO 2021.04.13.pdf,SKIPPED,Unknown stores in SOKUHO 2021.04.13.pdf: Temporary Stall,2026-03-30 12:12:09.756666
2021-04-14,SOKUHO 2021.04.14.pdf,SKIPPED,Unknown stores in SOKUHO 2021.04.14.pdf: Temporary Stall,2026-03-30 12:12:10.140000
2021-04-15,SOKUHO 2021.04.15.pdf,SKIPPED,Unknown stores in SOKUHO 2021.04.15.pdf: Temporary Stall,2026-03-30 12:12:10.510000
2021-04-16,SOKUHO 2021.04.16.pdf,SKIPPED,Unknown stores in SOKUHO 2021.04.16.pdf: Temporary Stall,2026-03-30 12:12:10.873333
2021-04-17,SOKUHO 2021.04.17.pdf,SKIPPED,Unknown stores in SOKUHO 2021.04.17.pdf: Temporary Stall,2026-03-30 12:12:11.216666
2021-04-18,SOKUHO 2021.04.18.pdf,SKIPPED,Unknown stores in SOKUHO 2021.04.18.pdf: Temporary Stall,2026-03-30 12:12:11.570000
2021-04-19,SOKUHO 2021.04.19.pdf,SKIPPED,Unknown stores in SOKUHO 2021.04.19.pdf: Temporary Stall,2026-03-30 12:12:11.956666
2021-04-20,SOKUHO 2021.04.20.pdf,SKIPPED,Unknown stores in SOKUHO 2021.04.20.pdf: Temporary Stall,2026-03-30 12:12:12.313333
2021-04-21,SOKUHO 2021.04.21.pdf,SKIPPED,Unknown stores in SOKUHO 2021.04.21.pdf: Temporary Stall,2026-03-30 12:12:12.650000
2021-04-22,SOKUHO 2021.04.22.pdf,SKIPPED,Unknown stores in SOKUHO 2021.04.22.pdf: Temporary Stall,2026-03-30 12:12:13.020000
2021-04-23,SOKUHO 2021.04.23.pdf,SKIPPED,Unknown stores in SOKUHO 2021.04.23.pdf: Temporary Stall,2026-03-30 12:12:13.430000
2021-04-24,SOKUHO 2021.04.24.pdf,SKIPPED,Unknown stores in SOKUHO 2021.04.24.pdf: Temporary Stall,2026-03-30 12:12:13.790000
2021-04-25,SOKUHO 2021.04.25.pdf,SKIPPED,Unknown stores in SOKUHO 2021.04.25.pdf: Temporary Stall,2026-03-30 12:12:14.136666
2021-04-26,SOKUHO 2021.04.26.pdf,SKIPPED,Unknown stores in SOKUHO 2021.04.26.pdf: Temporary Stall,2026-03-30 12:12:14.496666
2021-04-27,SOKUHO 2021.04.27.pdf,SKIPPED,Unknown stores in SOKUHO 2021.04.27.pdf: Temporary Stall,2026-03-30 12:12:14.886666
2021-04-28,SOKUHO 2021.04.28.pdf,SKIPPED,Unknown stores in SOKUHO 2021.04.28.pdf: Temporary Stall,2026-03-30 12:12:15.243333
2021-04-29,SOKUHO 2021.04.29.pdf,SKIPPED,Unknown stores in SOKUHO 2021.04.29.pdf: Temporary Stall,2026-03-30 12:12:15.590000
2021-04-30,SOKUHO 2021.04.30.pdf,SKIPPED,Unknown stores in SOKUHO 2021.04.30.pdf: Temporary Stall,2026-03-30 12:12:15.976666
2021-05-01,SOKUHO 2021.05.01.pdf,SKIPPED,Unknown stores in SOKUHO 2021.05.01.pdf: Temporary Stall,2026-03-30 12:12:16.340000
2021-05-02,SOKUHO 2021.05.02.pdf,SKIPPED,Unknown stores in SOKUHO 2021.05.02.pdf: Temporary Stall,2026-03-30 12:12:16.693333
2021-05-03,SOKUHO 2021.05.03.pdf,SKIPPED,Unknown stores in SOKUHO 2021.05.03.pdf: Temporary Stall,2026-03-30 12:12:17.026666
2021-05-04,SOKUHO 2021.05.04.pdf,SKIPPED,Unknown stores in SOKUHO 2021.05.04.pdf: Temporary Stall,2026-03-30 12:12:17.400000
2021-05-05,SOKUHO 2021.05.05.pdf,SKIPPED,Unknown stores in SOKUHO 2021.05.05.pdf: Temporary Stall,2026-03-30 12:12:17.766666
2021-05-06,SOKUHO 2021.05.06.pdf,SKIPPED,Unknown stores in SOKUHO 2021.05.06.pdf: Temporary Stall,2026-03-30 12:12:18.106666
2021-05-07,SOKUHO 2021.05.07.pdf,SKIPPED,Unknown stores in SOKUHO 2021.05.07.pdf: Temporary Stall,2026-03-30 12:12:18.440000
2021-05-08,SOKUHO 2021.05.08.pdf,SKIPPED,Unknown stores in SOKUHO 2021.05.08.pdf: Temporary Stall,2026-03-30 12:12:18.820000
2021-05-09,SOKUHO 2021.05.09.pdf,SKIPPED,Unknown stores in SOKUHO 2021.05.09.pdf: Temporary Stall,2026-03-30 12:12:19.196666
2021-05-10,SOKUHO 2021.05.10.pdf,SKIPPED,Unknown stores in SOKUHO 2021.05.10.pdf: Temporary Stall,2026-03-30 12:12:19.553333
2021-05-11,SOKUHO 2021.05.11.pdf,SKIPPED,Unknown stores in SOKUHO 2021.05.11.pdf: Temporary Stall,2026-03-30 12:12:19.903333
2021-05-12,SOKUHO 2021.05.12.pdf,SKIPPED,Unknown stores in SOKUHO 2021.05.12.pdf: Temporary Stall,2026-03-30 12:12:20.270000
2021-05-13,SOKUHO 2021.05.13.pdf,SKIPPED,Unknown stores in SOKUHO 2021.05.13.pdf: Temporary Stall,2026-03-30 12:12:20.650000
2021-05-14,SOKUHO 2021.05.14.pdf,SKIPPED,Unknown stores in SOKUHO 2021.05.14.pdf: Temporary Stall,2026-03-30 12:12:20.990000
2021-05-15,SOKUHO 2021.05.15.pdf,SKIPPED,Unknown stores in SOKUHO 2021.05.15.pdf: Temporary Stall,2026-03-30 12:12:21.330000
2021-05-16,SOKUHO 2021.05.16.pdf,SKIPPED,Unknown stores in SOKUHO 2021.05.16.pdf: Temporary Stall,2026-03-30 12:12:21.723333
2021-05-17,SOKUHO 2021.05.17.pdf,SKIPPED,Unknown stores in SOKUHO 2021.05.17.pdf: Temporary Stall,2026-03-30 12:12:22.106666
2021-05-18,SOKUHO 2021.05.18.pdf,SKIPPED,Unknown stores in SOKUHO 2021.05.18.pdf: Temporary Stall,2026-03-30 12:12:22.466666
2021-05-19,SOKUHO 2021.05.19.pdf,SKIPPED,Unknown stores in SOKUHO 2021.05.19.pdf: Temporary Stall,2026-03-30 12:12:22.793333
2021-05-20,SOKUHO 2021.05.20.pdf,SKIPPED,Unknown stores in SOKUHO 2021.05.20.pdf: Temporary Stall,2026-03-30 12:12:23.146666
2021-05-21,SOKUHO 2021.05.21.pdf,SKIPPED,Unknown stores in SOKUHO 2021.05.21.pdf: Temporary Stall,2026-03-30 12:12:23.563333
2021-05-22,SOKUHO 2021.05.22.pdf,SKIPPED,Unknown stores in SOKUHO 2021.05.22.pdf: Temporary Stall,2026-03-30 12:12:23.930000
2021-05-23,SOKUHO 2021.05.23.pdf,SKIPPED,Unknown stores in SOKUHO 2021.05.23.pdf: Temporary Stall,2026-03-30 12:12:24.260000
2021-05-24,SOKUHO 2021.05.24.pdf,SKIPPED,Unknown stores in SOKUHO 2021.05.24.pdf: Temporary Stall,2026-03-30 12:12:24.613333
2021-05-25,SOKUHO 2021.05.25.pdf,SKIPPED,Unknown stores in SOKUHO 2021.05.25.pdf: Temporary Stall,2026-03-30 12:12:24.976666
2021-05-26,SOKUHO 2021.05.26.pdf,SKIPPED,Unknown stores in SOKUHO 2021.05.26.pdf: Temporary Stall,2026-03-30 12:12:25.340000
2021-05-27,SOKUHO 2021.05.27.pdf,SKIPPED,Unknown stores in SOKUHO 2021.05.27.pdf: Temporary Stall,2026-03-30 12:12:25.683333
2021-05-28,SOKUHO 2021.05.28.pdf,SKIPPED,Unknown stores in SOKUHO 2021.05.28.pdf: Temporary Stall,2026-03-30 12:12:26.050000
2021-05-29,SOKUHO 2021.05.29.pdf,SKIPPED,Unknown stores in SOKUHO 2021.05.29.pdf: Temporary Stall,2026-03-30 12:12:26.420000
2021-05-30,SOKUHO 2021.05.30.pdf,SKIPPED,Unknown stores in SOKUHO 2021.05.30.pdf: Temporary Stall,2026-03-30 12:12:26.780000
2021-05-31,SOKUHO 2021.05.31.pdf,SKIPPED,Unknown stores in SOKUHO 2021.05.31.pdf: Temporary Stall,2026-03-30 12:12:27.113333
2021-06-01,SOKUHO 2021.06.01.pdf,SKIPPED,Unknown stores in SOKUHO 2021.06.01.pdf: Temporary Stall,2026-03-30 12:12:27.450000
2021-06-02,SOKUHO 2021.06.02.pdf,SKIPPED,Unknown stores in SOKUHO 2021.06.02.pdf: Temporary Stall,2026-03-30 12:12:27.790000
2021-06-03,SOKUHO 2021.06.03.pdf,SKIPPED,Unknown stores in SOKUHO 2021.06.03.pdf: Temporary Stall,2026-03-30 12:12:28.146666
2021-06-04,SOKUHO 2021.06.04.pdf,SKIPPED,Unknown stores in SOKUHO 2021.06.04.pdf: Temporary Stall,2026-03-30 12:12:28.470000
2021-06-05,SOKUHO 2021.06.05.pdf,SKIPPED,Unknown stores in SOKUHO 2021.06.05.pdf: Temporary Stall,2026-03-30 12:12:28.793333
2021-06-06,SOKUHO 2021.06.06.pdf,SKIPPED,Unknown stores in SOKUHO 2021.06.06.pdf: Temporary Stall,2026-03-30 12:12:29.156666
2021-06-07,SOKUHO 2021.06.07.pdf,SKIPPED,Unknown stores in SOKUHO 2021.06.07.pdf: Temporary Stall,2026-03-30 12:12:29.506666
2021-06-08,SOKUHO 2021.06.08.pdf,SKIPPED,Unknown stores in SOKUHO 2021.06.08.pdf: Temporary Stall,2026-03-30 12:12:29.853333
2021-06-09,SOKUHO 2021.06.09.pdf,SKIPPED,Unknown stores in SOKUHO 2021.06.09.pdf: Temporary Stall,2026-03-30 12:12:30.193333
2021-06-10,SOKUHO 2021.06.10.pdf,SKIPPED,Unknown stores in SOKUHO 2021.06.10.pdf: Temporary Stall,2026-03-30 12:12:30.540000
2021-06-11,SOKUHO 2021.06.11.pdf,SKIPPED,Unknown stores in SOKUHO 2021.06.11.pdf: Temporary Stall,2026-03-30 12:12:30.900000
2021-06-12,SOKUHO 2021.06.12.pdf,SKIPPED,Unknown stores in SOKUHO 2021.06.12.pdf: Temporary Stall,2026-03-30 12:12:31.260000
2021-06-13,SOKUHO 2021.06.13.pdf,SKIPPED,Unknown stores in SOKUHO 2021.06.13.pdf: Temporary Stall,2026-03-30 12:12:31.606666
2021-06-14,SOKUHO 2021.06.14.pdf,SKIPPED,Unknown stores in SOKUHO 2021.06.14.pdf: Temporary Stall,2026-03-30 12:12:31.950000
2021-06-15,SOKUHO 2021.06.15.pdf,SKIPPED,Unknown stores in SOKUHO 2021.06.15.pdf: Temporary Stall,2026-03-30 12:12:32.290000
2021-06-16,SOKUHO 2021.06.16.pdf,SKIPPED,Unknown stores in SOKUHO 2021.06.16.pdf: Temporary Stall,2026-03-30 12:12:32.656666
2021-06-17,SOKUHO 2021.06.17.pdf,SKIPPED,Unknown stores in SOKUHO 2021.06.17.pdf: Temporary Stall,2026-03-30 12:12:32.990000
2021-06-18,SOKUHO 2021.06.18.pdf,SKIPPED,Unknown stores in SOKUHO 2021.06.18.pdf: Temporary Stall,2026-03-30 12:12:33.343333
2021-06-19,SOKUHO 2021.06.19.pdf,SKIPPED,Unknown stores in SOKUHO 2021.06.19.pdf: Temporary Stall,2026-03-30 12:12:33.726666
2021-06-20,SOKUHO 2021.06.20.pdf,SKIPPED,Unknown stores in SOKUHO 2021.06.20.pdf: Temporary Stall,2026-03-30 12:12:34.093333
2021-06-21,SOKUHO 2021.06.21.pdf,SKIPPED,Unknown stores in SOKUHO 2021.06.21.pdf: Temporary Stall,2026-03-30 12:12:34.433333
2021-06-22,SOKUHO 2021.06.22.pdf,SKIPPED,Unknown stores in SOKUHO 2021.06.22.pdf: Temporary Stall,2026-03-30 12:12:34.760000
2021-06-23,SOKUHO 2021.06.23.pdf,SKIPPED,Unknown stores in SOKUHO 2021.06.23.pdf: Temporary Stall,2026-03-30 12:12:35.106666
2021-06-24,SOKUHO 2021.06.24.pdf,SKIPPED,Unknown stores in SOKUHO 2021.06.24.pdf: Temporary Stall,2026-03-30 12:12:35.493333
2021-06-25,SOKUHO 2021.06.25.pdf,SKIPPED,Unknown stores in SOKUHO 2021.06.25.pdf: Temporary Stall,2026-03-30 12:12:35.836666
2021-06-26,SOKUHO 2021.06.26.pdf,SKIPPED,Unknown stores in SOKUHO 2021.06.26.pdf: Temporary Stall,2026-03-30 12:12:36.166666
2021-06-27,SOKUHO 2021.06.27.pdf,SKIPPED,Unknown stores in SOKUHO 2021.06.27.pdf: Temporary Stall,2026-03-30 12:12:36.523333
2021-06-28,SOKUHO 2021.06.28.pdf,SKIPPED,Unknown stores in SOKUHO 2021.06.28.pdf: Temporary Stall,2026-03-30 12:12:36.870000
2021-06-29,SOKUHO 2021.06.29.pdf,SKIPPED,Unknown stores in SOKUHO 2021.06.29.pdf: Temporary Stall,2026-03-30 12:12:37.236666
2021-06-30,SOKUHO 2021.06.30.pdf,SKIPPED,Unknown stores in SOKUHO 2021.06.30.pdf: Temporary Stall,2026-03-30 12:12:37.570000
2021-07-01,SOKUHO 2021.07.01.pdf,SKIPPED,Unknown stores in SOKUHO 2021.07.01.pdf: Temporary Stall,2026-03-30 12:12:37.923333
2021-07-02,SOKUHO 2021.07.02.pdf,SKIPPED,Unknown stores in SOKUHO 2021.07.02.pdf: Temporary Stall,2026-03-30 12:12:38.273333
2021-07-03,SOKUHO 2021.07.03.pdf,SKIPPED,Unknown stores in SOKUHO 2021.07.03.pdf: Temporary Stall,2026-03-30 12:12:38.640000
2021-07-04,SOKUHO 2021.07.04.pdf,SKIPPED,Unknown stores in SOKUHO 2021.07.04.pdf: Temporary Stall,2026-03-30 12:12:38.973333
2021-07-05,SOKUHO 2021.07.05.pdf,SKIPPED,Unknown stores in SOKUHO 2021.07.05.pdf: Temporary Stall,2026-03-30 12:12:39.303333
2021-07-06,SOKUHO 2021.07.06.pdf,SKIPPED,Unknown stores in SOKUHO 2021.07.06.pdf: Temporary Stall,2026-03-30 12:12:39.673333
2021-07-07,SOKUHO 2021.07.07.pdf,SKIPPED,Unknown stores in SOKUHO 2021.07.07.pdf: Temporary Stall,2026-03-30 12:12:40.043333
2021-07-08,SOKUHO 2021.07.08.pdf,SKIPPED,Unknown stores in SOKUHO 2021.07.08.pdf: Temporary Stall,2026-03-30 12:12:40.376666
2021-07-09,SOKUHO 2021.07.09.pdf,SKIPPED,Unknown stores in SOKUHO 2021.07.09.pdf: Temporary Stall,2026-03-30 12:12:40.720000
2021-07-10,SOKUHO 2021.07.10.pdf,SKIPPED,Unknown stores in SOKUHO 2021.07.10.pdf: Temporary Stall,2026-03-30 12:12:41.083333
2021-07-11,SOKUHO 2021.07.11.pdf,SKIPPED,Unknown stores in SOKUHO 2021.07.11.pdf: Temporary Stall,2026-03-30 12:12:41.446666
2021-07-12,SOKUHO 2021.07.12.pdf,SKIPPED,Unknown stores in SOKUHO 2021.07.12.pdf: Temporary Stall,2026-03-30 12:12:41.806666
2021-07-13,SOKUHO 2021.07.13.pdf,SKIPPED,Unknown stores in SOKUHO 2021.07.13.pdf: Temporary Stall,2026-03-30 12:12:42.136666
2021-07-14,SOKUHO 2021.07.14.pdf,SKIPPED,Unknown stores in SOKUHO 2021.07.14.pdf: Temporary Stall,2026-03-30 12:12:42.470000
2021-07-15,SOKUHO 2021.07.15.pdf,SKIPPED,Unknown stores in SOKUHO 2021.07.15.pdf: Temporary Stall,2026-03-30 12:12:42.823333
2021-07-16,SOKUHO 2021.07.16.pdf,SKIPPED,Unknown stores in SOKUHO 2021.07.16.pdf: Temporary Stall,2026-03-30 12:12:43.170000
2021-07-17,SOKUHO 2021.07.17.pdf,SKIPPED,Unknown stores in SOKUHO 2021.07.17.pdf: Temporary Stall,2026-03-30 12:12:43.536666
2021-07-18,SOKUHO 2021.07.18.pdf,SKIPPED,Unknown stores in SOKUHO 2021.07.18.pdf: Temporary Stall,2026-03-30 12:12:43.890000
2021-07-19,SOKUHO 2021.07.19.pdf,SKIPPED,Unknown stores in SOKUHO 2021.07.19.pdf: Temporary Stall,2026-03-30 12:12:44.243333
2021-07-20,SOKUHO 2021.07.20.pdf,SKIPPED,Unknown stores in SOKUHO 2021.07.20.pdf: Temporary Stall,2026-03-30 12:12:44.593333
2021-07-21,SOKUHO 2021.07.21.pdf,SKIPPED,Unknown stores in SOKUHO 2021.07.21.pdf: Temporary Stall,2026-03-30 12:12:44.940000
2021-07-22,SOKUHO 2021.07.22.pdf,SKIPPED,Unknown stores in SOKUHO 2021.07.22.pdf: Temporary Stall,2026-03-30 12:12:45.283333
2021-07-23,SOKUHO 2021.07.23.pdf,SKIPPED,Unknown stores in SOKUHO 2021.07.23.pdf: Temporary Stall,2026-03-30 12:12:45.663333
2021-07-24,SOKUHO 2021.07.24.pdf,SKIPPED,Unknown stores in SOKUHO 2021.07.24.pdf: Temporary Stall,2026-03-30 12:12:46.033333
2021-07-25,SOKUHO 2021.07.25.pdf,SKIPPED,Unknown stores in SOKUHO 2021.07.25.pdf: Temporary Stall,2026-03-30 12:12:46.376666
2021-07-26,SOKUHO 2021.07.26.pdf,SKIPPED,Unknown stores in SOKUHO 2021.07.26.pdf: Temporary Stall,2026-03-30 12:12:46.716666
2021-07-27,SOKUHO 2021.07.27.pdf,SKIPPED,Unknown stores in SOKUHO 2021.07.27.pdf: Temporary Stall,2026-03-30 12:12:47.103333
2021-07-28,SOKUHO 2021.07.28.pdf,SKIPPED,Unknown stores in SOKUHO 2021.07.28.pdf: Temporary Stall,2026-03-30 12:12:47.450000
2021-07-29,SOKUHO 2021.07.29.pdf,SKIPPED,Unknown stores in SOKUHO 2021.07.29.pdf: Temporary Stall,2026-03-30 12:12:47.793333
2021-07-30,SOKUHO 2021.07.30.pdf,SKIPPED,Unknown stores in SOKUHO 2021.07.30.pdf: Temporary Stall,2026-03-30 12:12:48.143333
2021-07-31,SOKUHO 2021.07.31.pdf,SKIPPED,Unknown stores in SOKUHO 2021.07.31.pdf: Temporary Stall,2026-03-30 12:12:48.496666
2021-08-01,SOKUHO 2021.08.01.pdf,SKIPPED,Unknown stores in SOKUHO 2021.08.01.pdf: Temporary Stall,2026-03-30 12:12:48.860000
2021-08-02,SOKUHO 2021.08.02.pdf,SKIPPED,Unknown stores in SOKUHO 2021.08.02.pdf: Temporary Stall,2026-03-30 12:12:49.203333
2021-08-03,SOKUHO 2021.08.03.pdf,SKIPPED,Unknown stores in SOKUHO 2021.08.03.pdf: Temporary Stall,2026-03-30 12:12:49.520000
2021-08-04,SOKUHO 2021.08.04.pdf,SKIPPED,Unknown stores in SOKUHO 2021.08.04.pdf: Temporary Stall,2026-03-30 12:12:49.866666
2021-08-05,SOKUHO 2021.08.05.pdf,SKIPPED,Unknown stores in SOKUHO 2021.08.05.pdf: Temporary Stall,2026-03-30 12:12:50.223333
2021-08-06,SOKUHO 2021.08.06.pdf,SKIPPED,Unknown stores in SOKUHO 2021.08.06.pdf: Temporary Stall,2026-03-30 12:12:50.560000
2021-08-07,SOKUHO 2021.08.07.pdf,SKIPPED,Unknown stores in SOKUHO 2021.08.07.pdf: Temporary Stall,2026-03-30 12:12:50.893333
2021-08-08,SOKUHO 2021.08.08.pdf,SKIPPED,Unknown stores in SOKUHO 2021.08.08.pdf: Temporary Stall,2026-03-30 12:12:51.243333
2021-08-09,SOKUHO 2021.08.09.pdf,SKIPPED,Unknown stores in SOKUHO 2021.08.09.pdf: Temporary Stall,2026-03-30 12:12:51.650000
2021-08-10,SOKUHO 2021.08.10.pdf,SKIPPED,Unknown stores in SOKUHO 2021.08.10.pdf: Temporary Stall,2026-03-30 12:12:52.006666
2021-08-11,SOKUHO 2021.08.11.pdf,SKIPPED,Unknown stores in SOKUHO 2021.08.11.pdf: Temporary Stall,2026-03-30 12:12:52.350000
2021-08-12,SOKUHO 2021.08.12..pdf,SKIPPED,Unknown stores in SOKUHO 2021.08.12..pdf: Temporary Stall,2026-03-30 12:12:52.706666
2021-08-13,SOKUHO 2021.08.13.pdf,SKIPPED,Unknown stores in SOKUHO 2021.08.13.pdf: Temporary Stall,2026-03-30 12:12:53.090000
2021-08-14,SOKUHO 2021.08.14.pdf,SKIPPED,Unknown stores in SOKUHO 2021.08.14.pdf: Temporary Stall,2026-03-30 12:12:53.506666
2021-08-15,SOKUHO 2021.08.15.pdf,SKIPPED,Unknown stores in SOKUHO 2021.08.15.pdf: Temporary Stall,2026-03-30 12:12:53.856666
2021-08-16,SOKUHO 2021.08.16.pdf,SKIPPED,Unknown stores in SOKUHO 2021.08.16.pdf: Temporary Stall,2026-03-30 12:12:54.220000
2021-08-17,SOKUHO 2021.08.17.pdf,SKIPPED,Unknown stores in SOKUHO 2021.08.17.pdf: Temporary Stall,2026-03-30 12:12:54.606666
2021-08-18,SOKUHO 2021.08.18.pdf,SKIPPED,Unknown stores in SOKUHO 2021.08.18.pdf: Temporary Stall,2026-03-30 12:12:54.956666
2021-08-19,SOKUHO 2021.08.19.pdf,SKIPPED,Unknown stores in SOKUHO 2021.08.19.pdf: Temporary Stall,2026-03-30 12:12:55.286666
2021-08-20,SOKUHO 2021.08.20.pdf,SKIPPED,Unknown stores in SOKUHO 2021.08.20.pdf: Temporary Stall,2026-03-30 12:12:55.680000
2021-08-21,SOKUHO 2021.08.21.pdf,SKIPPED,Unknown stores in SOKUHO 2021.08.21.pdf: Temporary Stall,2026-03-30 12:12:56.066666
2021-08-22,SOKUHO 2021.08.22.pdf,SKIPPED,Unknown stores in SOKUHO 2021.08.22.pdf: Temporary Stall,2026-03-30 12:12:56.423333
2021-08-23,SOKUHO 2021.08.23.pdf,SKIPPED,Unknown stores in SOKUHO 2021.08.23.pdf: Temporary Stall,2026-03-30 12:12:56.760000
2021-08-24,SOKUHO 2021.08.24.pdf,SKIPPED,Unknown stores in SOKUHO 2021.08.24.pdf: Temporary Stall,2026-03-30 12:12:57.126666
2021-08-25,SOKUHO 2021.08.25.pdf,SKIPPED,Unknown stores in SOKUHO 2021.08.25.pdf: Temporary Stall,2026-03-30 12:12:57.516666
2021-08-26,SOKUHO 2021.08.26.pdf,SKIPPED,Unknown stores in SOKUHO 2021.08.26.pdf: Temporary Stall,2026-03-30 12:12:57.890000
2021-08-27,SOKUHO 2021.08.27.pdf,SKIPPED,Unknown stores in SOKUHO 2021.08.27.pdf: Temporary Stall,2026-03-30 12:12:58.226666
2021-08-28,SOKUHO 2021.08.28.pdf,SKIPPED,Unknown stores in SOKUHO 2021.08.28.pdf: Temporary Stall,2026-03-30 12:12:58.596666
2021-08-29,SOKUHO 2021.08.29.pdf,SKIPPED,Unknown stores in SOKUHO 2021.08.29.pdf: Temporary Stall,2026-03-30 12:12:58.983333
2021-08-30,SOKUHO 2021.08.30.pdf,SKIPPED,Unknown stores in SOKUHO 2021.08.30.pdf: Temporary Stall,2026-03-30 12:12:59.340000
2021-08-31,SOKUHO 2021.08.31.pdf,SKIPPED,Unknown stores in SOKUHO 2021.08.31.pdf: Temporary Stall,2026-03-30 12:12:59.693333
2021-09-13,SOKUHO 2021.09.13.pdf,SKIPPED,Unknown stores in SOKUHO 2021.09.13.pdf: Temporary Stall,2026-03-30 12:13:04.853333
2021-09-14,SOKUHO 2021.09.14.pdf,SKIPPED,Unknown stores in SOKUHO 2021.09.14.pdf: Temporary Stall,2026-03-30 12:13:05.240000
2021-09-15,SOKUHO 2021.09.15.pdf,SKIPPED,Unknown stores in SOKUHO 2021.09.15.pdf: Temporary Stall,2026-03-30 12:13:05.630000
2021-09-16,SOKUHO 2021.09.16.pdf,SKIPPED,Unknown stores in SOKUHO 2021.09.16.pdf: Temporary Stall,2026-03-30 12:13:05.993333
2021-09-17,SOKUHO 2021.09.17.pdf,SKIPPED,Unknown stores in SOKUHO 2021.09.17.pdf: Temporary Stall,2026-03-30 12:13:06.353333
2021-09-18,SOKUHO 2021.09.18.pdf,SKIPPED,Unknown stores in SOKUHO 2021.09.18.pdf: Temporary Stall,2026-03-30 12:13:06.740000
2021-09-19,SOKUHO 2021.09.19.pdf,SKIPPED,Unknown stores in SOKUHO 2021.09.19.pdf: Temporary Stall,2026-03-30 12:13:07.086666
2021-09-20,SOKUHO 2021.09.20.pdf,SKIPPED,Unknown stores in SOKUHO 2021.09.20.pdf: Temporary Stall,2026-03-30 12:13:07.376666
2021-09-21,SOKUHO 2021.09.21.pdf,SKIPPED,Unknown stores in SOKUHO 2021.09.21.pdf: Temporary Stall,2026-03-30 12:13:07.680000
2021-09-22,SOKUHO 2021.09.22.pdf,SKIPPED,Unknown stores in SOKUHO 2021.09.22.pdf: Temporary Stall,2026-03-30 12:13:08.060000
2021-09-23,SOKUHO 2021.09.23.pdf,SKIPPED,Unknown stores in SOKUHO 2021.09.23.pdf: Temporary Stall,2026-03-30 12:13:08.433333
2021-09-24,SOKUHO 2021.09.24.pdf,SKIPPED,Unknown stores in SOKUHO 2021.09.24.pdf: Temporary Stall,2026-03-30 12:13:08.793333
2021-09-25,SOKUHO 2021.09.25.pdf,SKIPPED,Unknown stores in SOKUHO 2021.09.25.pdf: Temporary Stall,2026-03-30 12:13:09.136666
2021-09-26,SOKUHO 2021.09.26.pdf,SKIPPED,Unknown stores in SOKUHO 2021.09.26.pdf: Temporary Stall,2026-03-30 12:13:09.510000
2021-09-27,SOKUHO 2021.09.27.pdf,SKIPPED,Unknown stores in SOKUHO 2021.09.27.pdf: Temporary Stall,2026-03-30 12:13:09.890000
2021-09-28,SOKUHO 2021.09.28.pdf,SKIPPED,Unknown stores in SOKUHO 2021.09.28.pdf: Temporary Stall,2026-03-30 12:13:10.250000
2021-09-29,SOKUHO 2021.09.29.pdf,SKIPPED,Unknown stores in SOKUHO 2021.09.29.pdf: Temporary Stall,2026-03-30 12:13:10.590000
2021-09-30,SOKUHO 2021.09.30.pdf,SKIPPED,Unknown stores in SOKUHO 2021.09.30.pdf: Temporary Stall,2026-03-30 12:13:10.953333
2021-10-01,SOKUHO 2021.10.01.pdf,SKIPPED,Unknown stores in SOKUHO 2021.10.01.pdf: Temporary Stall,2026-03-30 12:13:11.310000
2021-10-02,SOKUHO 2021.10.02.pdf,SKIPPED,Unknown stores in SOKUHO 2021.10.02.pdf: Temporary Stall,2026-03-30 12:13:11.653333
2021-10-03,SOKUHO 2021.10.03.pdf,SKIPPED,Unknown stores in SOKUHO 2021.10.03.pdf: Temporary Stall,2026-03-30 12:13:11.986666
2021-10-04,SOKUHO 2021.10.04.pdf,SKIPPED,Unknown stores in SOKUHO 2021.10.04.pdf: Temporary Stall,2026-03-30 12:13:12.330000
2021-10-05,SOKUHO 2021.10.05.pdf,SKIPPED,Unknown stores in SOKUHO 2021.10.05.pdf: Temporary Stall,2026-03-30 12:13:12.690000
2021-10-06,SOKUHO 2021.10.06.pdf,SKIPPED,Unknown stores in SOKUHO 2021.10.06.pdf: Temporary Stall,2026-03-30 12:13:13.060000
2021-10-07,SOKUHO 2021.10.07.pdf,SKIPPED,Unknown stores in SOKUHO 2021.10.07.pdf: Temporary Stall,2026-03-30 12:13:13.420000
2021-10-08,SOKUHO 2021.10.08.pdf,SKIPPED,Unknown stores in SOKUHO 2021.10.08.pdf: Temporary Stall,2026-03-30 12:13:13.770000
2021-10-09,SOKUHO 2021.10.09.pdf,SKIPPED,Unknown stores in SOKUHO 2021.10.09.pdf: Temporary Stall,2026-03-30 12:13:14.130000
2021-10-10,SOKUHO 2021.10.10.pdf,SKIPPED,Unknown stores in SOKUHO 2021.10.10.pdf: Temporary Stall,2026-03-30 12:13:14.493333
2021-10-11,SOKUHO 2021.10.11.pdf,SKIPPED,Unknown stores in SOKUHO 2021.10.11.pdf: Temporary Stall,2026-03-30 12:13:14.826666
2021-10-12,SOKUHO 2021.10.12.pdf,SKIPPED,Unknown stores in SOKUHO 2021.10.12.pdf: Temporary Stall,2026-03-30 12:13:15.166666
2021-10-13,SOKUHO 2021.10.13.pdf,SKIPPED,Unknown stores in SOKUHO 2021.10.13.pdf: Temporary Stall,2026-03-30 12:13:15.550000
2021-10-14,SOKUHO 2021.10.14.pdf,SKIPPED,Unknown stores in SOKUHO 2021.10.14.pdf: Temporary Stall,2026-03-30 12:13:15.926666
2021-10-15,SOKUHO 2021.10.15.pdf,SKIPPED,Unknown stores in SOKUHO 2021.10.15.pdf: Temporary Stall,2026-03-30 12:13:16.260000
2021-10-16,SOKUHO 2021.10.16.pdf,SKIPPED,Unknown stores in SOKUHO 2021.10.16.pdf: Temporary Stall,2026-03-30 12:13:16.623333
2021-10-17,SOKUHO 2021.10.17.pdf,SKIPPED,Unknown stores in SOKUHO 2021.10.17.pdf: Temporary Stall,2026-03-30 12:13:17.156666
2021-10-18,SOKUHO 2021.10.18.pdf,SKIPPED,Unknown stores in SOKUHO 2021.10.18.pdf: Temporary Stall,2026-03-30 12:13:17.790000
2021-10-19,SOKUHO 2021.10.19.pdf,SKIPPED,Unknown stores in SOKUHO 2021.10.19.pdf: Temporary Stall,2026-03-30 12:13:18.496666
2021-10-20,SOKUHO 2021.10.20.pdf,SKIPPED,Unknown stores in SOKUHO 2021.10.20.pdf: Temporary Stall,2026-03-30 12:13:18.890000
2021-10-21,SOKUHO 2021.10.21.pdf,SKIPPED,Unknown stores in SOKUHO 2021.10.21.pdf: Temporary Stall,2026-03-30 12:13:19.326666
2021-10-22,SOKUHO 2021.10.22.pdf,SKIPPED,Unknown stores in SOKUHO 2021.10.22.pdf: Temporary Stall,2026-03-30 12:13:19.773333
2021-10-23,SOKUHO 2021.10.23.pdf,SKIPPED,Unknown stores in SOKUHO 2021.10.23.pdf: Temporary Stall,2026-03-30 12:13:20.250000
2021-10-24,SOKUHO 2021.10.24.pdf,SKIPPED,Unknown stores in SOKUHO 2021.10.24.pdf: Temporary Stall,2026-03-30 12:13:20.686666
2021-10-25,SOKUHO 2021.10.25.pdf,SKIPPED,Unknown stores in SOKUHO 2021.10.25.pdf: Temporary Stall,2026-03-30 12:13:21.140000
2021-10-26,SOKUHO 2021.10.26.pdf,SKIPPED,Unknown stores in SOKUHO 2021.10.26.pdf: Temporary Stall,2026-03-30 12:13:21.660000
2021-10-27,SOKUHO 2021.10.27.pdf,SKIPPED,Unknown stores in SOKUHO 2021.10.27.pdf: Temporary Stall,2026-03-30 12:13:22.130000
2021-10-28,SOKUHO 2021.10.28.pdf,SKIPPED,Unknown stores in SOKUHO 2021.10.28.pdf: Temporary Stall,2026-03-30 12:13:22.510000
2021-10-29,SOKUHO 2021.10.29.pdf,SKIPPED,Unknown stores in SOKUHO 2021.10.29.pdf: Temporary Stall,2026-03-30 12:13:23.013333
2021-10-30,SOKUHO 2021.10.30.pdf,SKIPPED,Unknown stores in SOKUHO 2021.10.30.pdf: Temporary Stall,2026-03-30 12:13:23.490000
2021-10-31,SOKUHO 2021.10.31.pdf,SKIPPED,Unknown stores in SOKUHO 2021.10.31.pdf: Temporary Stall,2026-03-30 12:13:23.906666
2021-11-01,SOKUHO 2021.11.01.pdf,SKIPPED,Unknown stores in SOKUHO 2021.11.01.pdf: Temporary Stall,2026-03-30 12:13:24.310000
2021-11-02,SOKUHO 2021.11.02.pdf,SKIPPED,Unknown stores in SOKUHO 2021.11.02.pdf: Temporary Stall,2026-03-30 12:13:24.703333
2021-11-03,SOKUHO 2021.11.03.pdf,SKIPPED,Unknown stores in SOKUHO 2021.11.03.pdf: Temporary Stall,2026-03-30 12:13:25.213333
2021-11-04,SOKUHO 2021.11.04.pdf,SKIPPED,Unknown stores in SOKUHO 2021.11.04.pdf: Temporary Stall,2026-03-30 12:13:25.740000
2021-11-05,SOKUHO 2021.11.05.pdf,SKIPPED,Unknown stores in SOKUHO 2021.11.05.pdf: Temporary Stall,2026-03-30 12:13:26.126666
2021-11-06,SOKUHO 2021.11.06.pdf,SKIPPED,Unknown stores in SOKUHO 2021.11.06.pdf: Temporary Stall,2026-03-30 12:13:26.603333
2021-11-07,SOKUHO 2021.11.07.pdf,SKIPPED,Unknown stores in SOKUHO 2021.11.07.pdf: Temporary Stall,2026-03-30 12:13:27.036666
2021-11-08,SOKUHO 2021.11.08.pdf,SKIPPED,Unknown stores in SOKUHO 2021.11.08.pdf: Temporary Stall,2026-03-30 12:13:27.510000
2021-11-09,SOKUHO 2021.11.09.pdf,SKIPPED,Unknown stores in SOKUHO 2021.11.09.pdf: Temporary Stall,2026-03-30 12:13:28.003333
2021-11-10,SOKUHO 2021.11.10.pdf,SKIPPED,Unknown stores in SOKUHO 2021.11.10.pdf: Temporary Stall,2026-03-30 12:13:28.406666
2021-11-11,SOKUHO 2021.11.11.pdf,SKIPPED,Unknown stores in SOKUHO 2021.11.11.pdf: Temporary Stall,2026-03-30 12:13:28.860000
2021-11-12,SOKUHO 2021.11.12.pdf,SKIPPED,Unknown stores in SOKUHO 2021.11.12.pdf: Temporary Stall,2026-03-30 12:13:29.353333
2021-11-13,SOKUHO 2021.11.13.pdf,SKIPPED,Unknown stores in SOKUHO 2021.11.13.pdf: Temporary Stall,2026-03-30 12:13:29.756666
2021-11-14,SOKUHO 2021.11.14.pdf,SKIPPED,Unknown stores in SOKUHO 2021.11.14.pdf: Temporary Stall,2026-03-30 12:13:30.240000
2021-11-15,SOKUHO 2021.11.15.pdf,SKIPPED,Unknown stores in SOKUHO 2021.11.15.pdf: Temporary Stall,2026-03-30 12:13:30.680000
2021-11-16,SOKUHO 2021.11.16.pdf,SKIPPED,Unknown stores in SOKUHO 2021.11.16.pdf: Temporary Stall,2026-03-30 12:13:31.126666
2021-11-17,SOKUHO 2021.11.17.pdf,SKIPPED,Unknown stores in SOKUHO 2021.11.17.pdf: Temporary Stall,2026-03-30 12:13:31.503333
2021-11-18,SOKUHO 2021.11.18.pdf,SKIPPED,Unknown stores in SOKUHO 2021.11.18.pdf: Temporary Stall,2026-03-30 12:13:31.876666
2021-11-19,SOKUHO 2021.11.19.pdf,SKIPPED,Unknown stores in SOKUHO 2021.11.19.pdf: Temporary Stall,2026-03-30 12:13:32.286666
2021-11-20,SOKUHO 2021.11.20.pdf,SKIPPED,Unknown stores in SOKUHO 2021.11.20.pdf: Temporary Stall,2026-03-30 12:13:32.666666
2021-11-21,SOKUHO 2021.11.21.pdf,SKIPPED,Unknown stores in SOKUHO 2021.11.21.pdf: Temporary Stall,2026-03-30 12:13:33.126666
2021-11-22,SOKUHO 2021.11.22.pdf,SKIPPED,Unknown stores in SOKUHO 2021.11.22.pdf: Temporary Stall,2026-03-30 12:13:33.590000
2021-11-23,SOKUHO 2021.11.23.pdf,SKIPPED,Unknown stores in SOKUHO 2021.11.23.pdf: Temporary Stall,2026-03-30 12:13:34.023333
2021-11-24,SOKUHO 2021.11.24.pdf,SKIPPED,Unknown stores in SOKUHO 2021.11.24.pdf: Temporary Stall,2026-03-30 12:13:34.523333
2021-11-25,SOKUHO 2021.11.25.pdf,SKIPPED,Unknown stores in SOKUHO 2021.11.25.pdf: Temporary Stall,2026-03-30 12:13:35.026666
2021-11-26,SOKUHO 2021.11.26.pdf,SKIPPED,Unknown stores in SOKUHO 2021.11.26.pdf: Temporary Stall,2026-03-30 12:13:35.490000
2021-11-27,SOKUHO 2021.11.27.pdf,SKIPPED,Unknown stores in SOKUHO 2021.11.27.pdf: Temporary Stall,2026-03-30 12:13:35.960000
2021-11-28,SOKUHO 2021.11.28.pdf,SKIPPED,Unknown stores in SOKUHO 2021.11.28.pdf: Temporary Stall,2026-03-30 12:13:36.443333
2021-11-29,SOKUHO 2021.11.29.pdf,SKIPPED,Unknown stores in SOKUHO 2021.11.29.pdf: Temporary Stall,2026-03-30 12:13:36.956666
2021-11-30,SOKUHO 2021.11.30.pdf,SKIPPED,Unknown stores in SOKUHO 2021.11.30.pdf: Temporary Stall,2026-03-30 12:13:37.336666
2021-12-01,SOKUHO 2021.12.01.pdf,SKIPPED,Unknown stores in SOKUHO 2021.12.01.pdf: Temporary Stall,2026-03-30 12:13:37.836666
2021-12-02,SOKUHO 2021.12.02.pdf,SKIPPED,Unknown stores in SOKUHO 2021.12.02.pdf: Temporary Stall,2026-03-30 12:13:38.303333
2021-12-03,SOKUHO 2021.12.03.pdf,SKIPPED,Unknown stores in SOKUHO 2021.12.03.pdf: Temporary Stall,2026-03-30 12:13:38.703333
2021-12-04,SOKUHO 2021.12.04.pdf,SKIPPED,Unknown stores in SOKUHO 2021.12.04.pdf: Temporary Stall,2026-03-30 12:13:39.040000
2021-12-05,SOKUHO 2021.12.05.pdf,SKIPPED,Unknown stores in SOKUHO 2021.12.05.pdf: Temporary Stall,2026-03-30 12:13:39.433333
2021-12-06,SOKUHO 2021.12.06.pdf,SKIPPED,Unknown stores in SOKUHO 2021.12.06.pdf: Temporary Stall,2026-03-30 12:13:39.813333
2021-12-07,SOKUHO 2021.12.07.pdf,SKIPPED,Unknown stores in SOKUHO 2021.12.07.pdf: Temporary Stall,2026-03-30 12:13:40.180000
2021-12-08,SOKUHO 2021.12.08.pdf,SKIPPED,Unknown stores in SOKUHO 2021.12.08.pdf: Temporary Stall,2026-03-30 12:13:40.526666
2021-12-09,SOKUHO 2021.12.09.pdf,SKIPPED,Unknown stores in SOKUHO 2021.12.09.pdf: Temporary Stall,2026-03-30 12:13:40.870000
2021-12-10,SOKUHO 2021.12.10.pdf,SKIPPED,Unknown stores in SOKUHO 2021.12.10.pdf: Temporary Stall,2026-03-30 12:13:41.236666
2021-12-11,SOKUHO 2021.12.11.pdf,SKIPPED,Unknown stores in SOKUHO 2021.12.11.pdf: Temporary Stall,2026-03-30 12:13:41.603333
2021-12-12,SOKUHO 2021.12.12.pdf,SKIPPED,Unknown stores in SOKUHO 2021.12.12.pdf: Temporary Stall,2026-03-30 12:13:41.940000
2021-12-13,SOKUHO 2021.12.13.pdf,SKIPPED,Unknown stores in SOKUHO 2021.12.13.pdf: Temporary Stall,2026-03-30 12:13:42.316666
2021-12-14,SOKUHO 2021.12.14.pdf,SKIPPED,Unknown stores in SOKUHO 2021.12.14.pdf: Temporary Stall,2026-03-30 12:13:42.686666
2021-12-15,SOKUHO 2021.12.15.pdf,SKIPPED,Unknown stores in SOKUHO 2021.12.15.pdf: Temporary Stall,2026-03-30 12:13:43.060000
2021-12-16,SOKUHO 2021.12.16.pdf,SKIPPED,Unknown stores in SOKUHO 2021.12.16.pdf: Temporary Stall,2026-03-30 12:13:43.420000
2021-12-17,SOKUHO 2021.12.17.pdf,SKIPPED,Unknown stores in SOKUHO 2021.12.17.pdf: Temporary Stall,2026-03-30 12:13:43.770000
2021-12-18,SOKUHO 2021.12.18.pdf,SKIPPED,Unknown stores in SOKUHO 2021.12.18.pdf: Temporary Stall,2026-03-30 12:13:44.160000
2021-12-19,SOKUHO 2021.12.19.pdf,SKIPPED,Unknown stores in SOKUHO 2021.12.19.pdf: Temporary Stall,2026-03-30 12:13:44.546666
2021-12-20,SOKUHO 2021.12.20.pdf,SKIPPED,Unknown stores in SOKUHO 2021.12.20.pdf: Temporary Stall,2026-03-30 12:13:44.910000
2021-12-21,SOKUHO 2021.12.21.pdf,SKIPPED,Unknown stores in SOKUHO 2021.12.21.pdf: Temporary Stall,2026-03-30 12:13:45.290000
2021-12-22,SOKUHO 2021.12.22.pdf,SKIPPED,Unknown stores in SOKUHO 2021.12.22.pdf: Temporary Stall,2026-03-30 12:13:45.676666
2021-12-23,SOKUHO 2021.12.23.pdf,SKIPPED,Unknown stores in SOKUHO 2021.12.23.pdf: Temporary Stall,2026-03-30 12:13:46.060000
2021-12-24,SOKUHO 2021.12.24.pdf,SKIPPED,Unknown stores in SOKUHO 2021.12.24.pdf: Temporary Stall,2026-03-30 12:13:46.436666
2021-12-25,SOKUHO 2021.12.25.pdf,SKIPPED,Unknown stores in SOKUHO 2021.12.25.pdf: Temporary Stall,2026-03-30 12:13:46.790000
2021-12-26,SOKUHO 2021.12.26.pdf,SKIPPED,Unknown stores in SOKUHO 2021.12.26.pdf: Temporary Stall,2026-03-30 12:13:47.173333
2021-12-27,SOKUHO 2021.12.27.pdf,SKIPPED,Unknown stores in SOKUHO 2021.12.27.pdf: Temporary Stall,2026-03-30 12:13:47.560000
2021-12-28,SOKUHO 2021.12.28.pdf,SKIPPED,Unknown stores in SOKUHO 2021.12.28.pdf: Temporary Stall,2026-03-30 12:13:47.940000
2021-12-29,SOKUHO 2021.12.29.pdf,SKIPPED,Unknown stores in SOKUHO 2021.12.29.pdf: Temporary Stall,2026-03-30 12:13:48.306666
2021-12-30,SOKUHO 2021.12.30.pdf,SKIPPED,Unknown stores in SOKUHO 2021.12.30.pdf: Temporary Stall,2026-03-30 12:13:48.686666
2021-12-31,SOKUHO 2021.12.31.pdf,SKIPPED,Unknown stores in SOKUHO 2021.12.31.pdf: Temporary Stall,2026-03-30 12:13:49.076666
2022-01-03,SOKUHO 2022.01.03.pdf,SKIPPED,"Unknown stores in SOKUHO 2022.01.03.pdf: Ban-Ciao, Temporary Stall",2026-03-30 12:13:50.276666
2022-01-04,SOKUHO 2022.01.04.pdf,SKIPPED,"Unknown stores in SOKUHO 2022.01.04.pdf: Ban-Ciao, Temporary Stall",2026-03-30 12:13:50.653333
2022-01-05,SOKUHO 2022.01.05.pdf,SKIPPED,"Unknown stores in SOKUHO 2022.01.05.pdf: A8 Mitsukoshi, Ban-Ciao, Temporary Stall",2026-03-30 12:13:51.010000
2022-01-06,SOKUHO 2022.01.06.pdf,SKIPPED,"Unknown stores in SOKUHO 2022.01.06.pdf: A8 Mitsukoshi, Ban-Ciao, Temporary Stall",2026-03-30 12:13:51.403333
2022-01-07,SOKUHO 2022.01.07.pdf,SKIPPED,"Unknown stores in SOKUHO 2022.01.07.pdf: A8 Mitsukoshi, Ban-Ciao, Temporary Stall",2026-03-30 12:13:51.816666
2022-01-08,SOKUHO 2022.01.08.pdf,SKIPPED,"Unknown stores in SOKUHO 2022.01.08.pdf: A8 Mitsukoshi, Ban-Ciao, Temporary Stall",2026-03-30 12:13:52.230000
2022-01-09,SOKUHO 2022.01.09.pdf,SKIPPED,"Unknown stores in SOKUHO 2022.01.09.pdf: A8 Mitsukoshi, Ban-Ciao, Temporary Stall",2026-03-30 12:13:52.590000
2022-01-10,SOKUHO 2022.01.10.pdf,SKIPPED,"Unknown stores in SOKUHO 2022.01.10.pdf: A8 Mitsukoshi, Ban-Ciao, Temporary Stall",2026-03-30 12:13:53.030000
2022-01-11,SOKUHO 2022.01.11.pdf,SKIPPED,"Unknown stores in SOKUHO 2022.01.11.pdf: A8 Mitsukoshi, Ban-Ciao, Temporary Stall",2026-03-30 12:13:53.476666
2022-01-12,SOKUHO 2022.01.12.pdf,SKIPPED,"Unknown stores in SOKUHO 2022.01.12.pdf: A8 Mitsukoshi, Ban-Ciao, Temporary Stall",2026-03-30 12:13:53.886666
2022-01-13,SOKUHO 2022.01.13.pdf,SKIPPED,"Unknown stores in SOKUHO 2022.01.13.pdf: A8 Mitsukoshi, Ban-Ciao, Temporary Stall",2026-03-30 12:13:54.253333
2022-01-14,SOKUHO 2022.01.14.pdf,SKIPPED,"Unknown stores in SOKUHO 2022.01.14.pdf: A8 Mitsukoshi, Ban-Ciao, Temporary Stall",2026-03-30 12:13:54.643333
2022-01-15,SOKUHO 2022.01.15.pdf,SKIPPED,"Unknown stores in SOKUHO 2022.01.15.pdf: A8 Mitsukoshi, Ban-Ciao, Temporary Stall",2026-03-30 12:13:55.030000
2022-01-16,SOKUHO 2022.01.16.pdf,SKIPPED,"Unknown stores in SOKUHO 2022.01.16.pdf: A8 Mitsukoshi, Ban-Ciao, Temporary Stall",2026-03-30 12:13:55.453333
2022-01-17,SOKUHO 2022.01.17.pdf,SKIPPED,"Unknown stores in SOKUHO 2022.01.17.pdf: A8 Mitsukoshi, Ban-Ciao, Temporary Stall",2026-03-30 12:13:55.823333
2022-01-18,SOKUHO 2022.01.18.pdf,SKIPPED,"Unknown stores in SOKUHO 2022.01.18.pdf: A8 Mitsukoshi, Ban-Ciao, Temporary Stall",2026-03-30 12:13:56.206666
2022-01-19,SOKUHO 2022.01.19.pdf,SKIPPED,"Unknown stores in SOKUHO 2022.01.19.pdf: A8 Mitsukoshi, Ban-Ciao, Temporary Stall",2026-03-30 12:13:56.583333
2022-01-20,SOKUHO 2022.01.20.pdf,SKIPPED,"Unknown stores in SOKUHO 2022.01.20.pdf: A8 Mitsukoshi, Ban-Ciao, Temporary Stall",2026-03-30 12:13:56.986666
2022-01-21,SOKUHO 2022.01.21.pdf,SKIPPED,"Unknown stores in SOKUHO 2022.01.21.pdf: A8 Mitsukoshi, Ban-Ciao, Temporary Stall",2026-03-30 12:13:57.360000
2022-01-22,SOKUHO 2022.01.22.pdf,SKIPPED,"Unknown stores in SOKUHO 2022.01.22.pdf: A8 Mitsukoshi, Ban-Ciao, Temporary Stall",2026-03-30 12:13:57.733333
2022-01-23,SOKUHO 2022.01.23.pdf,SKIPPED,"Unknown stores in SOKUHO 2022.01.23.pdf: A8 Mitsukoshi, Ban-Ciao, Temporary Stall",2026-03-30 12:13:58.126666
2022-01-24,SOKUHO 2022.01.24.pdf,SKIPPED,"Unknown stores in SOKUHO 2022.01.24.pdf: A8 Mitsukoshi, Ban-Ciao, Temporary Stall",2026-03-30 12:13:58.533333
2022-01-25,SOKUHO 2022.01.25.pdf,SKIPPED,"Unknown stores in SOKUHO 2022.01.25.pdf: A8 Mitsukoshi, Ban-Ciao, Temporary Stall",2026-03-30 12:13:58.883333
2022-01-26,SOKUHO 2022.01.26.pdf,SKIPPED,"Unknown stores in SOKUHO 2022.01.26.pdf: A8 Mitsukoshi, Ban-Ciao, Temporary Stall",2026-03-30 12:13:59.256666
2022-01-27,SOKUHO 2022.01.27.pdf,SKIPPED,"Unknown stores in SOKUHO 2022.01.27.pdf: A8 Mitsukoshi, Ban-Ciao, Temporary Stall",2026-03-30 12:13:59.656666
2022-01-28,SOKUHO 2022.01.28.pdf,SKIPPED,"Unknown stores in SOKUHO 2022.01.28.pdf: A8 Mitsukoshi, Ban-Ciao, Temporary Stall",2026-03-30 12:14:00.053333
2022-01-29,SOKUHO 2022.01.29.pdf,SKIPPED,"Unknown stores in SOKUHO 2022.01.29.pdf: A8 Mitsukoshi, Ban-Ciao, Temporary Stall",2026-03-30 12:14:00.420000
2022-01-30,SOKUHO 2022.01.30.pdf,SKIPPED,"Unknown stores in SOKUHO 2022.01.30.pdf: A8 Mitsukoshi, Ban-Ciao, Temporary Stall",2026-03-30 12:14:00.803333
2022-01-31,SOKUHO 2022.01.31.pdf,SKIPPED,"Unknown stores in SOKUHO 2022.01.31.pdf: A8 Mitsukoshi, Ban-Ciao, Temporary Stall",2026-03-30 12:14:01.213333
2023-02-09,SOKUHO 2023.02.09.pdf,SKIPPED,Unknown stores in SOKUHO 2023.02.09.pdf: Temporary Stall,2026-03-30 12:16:25.810000
2023-02-23,SOKUHO 2023.02.23.pdf,SKIPPED,Unknown stores in SOKUHO 2023.02.23.pdf: Temporary Stall,2026-03-30 12:16:31.200000
2023-02-24,SOKUHO 2023.02.24.pdf,SKIPPED,Unknown stores in SOKUHO 2023.02.24.pdf: Temporary Stall,2026-03-30 12:16:31.533333
2023-02-25,SOKUHO 2023.02.25.pdf,SKIPPED,Unknown stores in SOKUHO 2023.02.25.pdf: Temporary Stall,2026-03-30 12:16:31.910000
2023-02-26,SOKUHO 2023.02.26.pdf,SKIPPED,Unknown stores in SOKUHO 2023.02.26.pdf: Temporary Stall,2026-03-30 12:16:32.273333
2023-02-27,SOKUHO 2023.02.27.pdf,SKIPPED,Unknown stores in SOKUHO 2023.02.27.pdf: Temporary Stall,2026-03-30 12:16:32.610000
2023-02-28,SOKUHO 2023.02.28.pdf,SKIPPED,Unknown stores in SOKUHO 2023.02.28.pdf: Temporary Stall,2026-03-30 12:16:32.970000
2023-03-03,SOKUHO 2023.03.03.pdf,SKIPPED,Unknown stores in SOKUHO 2023.03.03.pdf: Temporary Stall,2026-03-30 12:16:34.126666
2023-03-04,SOKUHO 2023.03.04.pdf,SKIPPED,Unknown stores in SOKUHO 2023.03.04.pdf: Temporary Stall,2026-03-30 12:16:34.460000
2023-03-05,SOKUHO 2023.03.05.pdf,SKIPPED,Unknown stores in SOKUHO 2023.03.05.pdf: Temporary Stall,2026-03-30 12:16:34.800000
2023-03-06,SOKUHO 2023.03.06.pdf,SKIPPED,Unknown stores in SOKUHO 2023.03.06.pdf: Temporary Stall,2026-03-30 12:16:35.160000
2023-03-07,SOKUHO 2023.03.07.pdf,SKIPPED,Unknown stores in SOKUHO 2023.03.07.pdf: Temporary Stall,2026-03-30 12:16:35.526666
2023-03-08,SOKUHO 2023.03.08.pdf,SKIPPED,Unknown stores in SOKUHO 2023.03.08.pdf: Temporary Stall,2026-03-30 12:16:35.883333
2023-03-09,SOKUHO 2023.03.09.pdf,SKIPPED,Unknown stores in SOKUHO 2023.03.09.pdf: Temporary Stall,2026-03-30 12:16:36.210000
2023-03-10,SOKUHO 2023.03.10.pdf,SKIPPED,Unknown stores in SOKUHO 2023.03.10.pdf: Temporary Stall,2026-03-30 12:16:36.560000
2023-03-11,SOKUHO 2023.03.11.pdf,SKIPPED,Unknown stores in SOKUHO 2023.03.11.pdf: Temporary Stall,2026-03-30 12:16:36.920000
2023-03-12,SOKUHO 2023.03.12.pdf,SKIPPED,Unknown stores in SOKUHO 2023.03.12.pdf: Temporary Stall,2026-03-30 12:16:37.250000
2023-03-13,SOKUHO 2023.03.13.pdf,SKIPPED,Unknown stores in SOKUHO 2023.03.13.pdf: Temporary Stall,2026-03-30 12:16:37.566666
2023-03-14,SOKUHO 2023.03.14.pdf,SKIPPED,Unknown stores in SOKUHO 2023.03.14.pdf: Temporary Stall,2026-03-30 12:16:37.930000
2023-03-15,SOKUHO 2023.03.15.pdf,SKIPPED,Unknown stores in SOKUHO 2023.03.15.pdf: Temporary Stall,2026-03-30 12:16:38.283333
2023-03-16,SOKUHO 2023.03.16.pdf,SKIPPED,Unknown stores in SOKUHO 2023.03.16.pdf: Temporary Stall,2026-03-30 12:16:38.650000
2023-03-17,SOKUHO 2023.03.17.pdf,SKIPPED,Unknown stores in SOKUHO 2023.03.17.pdf: Temporary Stall,2026-03-30 12:16:38.983333
2023-03-18,SOKUHO 2023.03.18.pdf,SKIPPED,Unknown stores in SOKUHO 2023.03.18.pdf: Temporary Stall,2026-03-30 12:16:39.343333
2023-03-19,SOKUHO 2023.03.19.pdf,SKIPPED,Unknown stores in SOKUHO 2023.03.19.pdf: Temporary Stall,2026-03-30 12:16:39.693333
2023-03-20,SOKUHO 2023.03.20.pdf,SKIPPED,Unknown stores in SOKUHO 2023.03.20.pdf: Temporary Stall,2026-03-30 12:16:40.043333
2023-03-21,SOKUHO 2023.03.21.pdf,SKIPPED,Unknown stores in SOKUHO 2023.03.21.pdf: Temporary Stall,2026-03-30 12:16:40.393333
2023-03-22,SOKUHO 2023.03.22.pdf,SKIPPED,Unknown stores in SOKUHO 2023.03.22.pdf: Temporary Stall,2026-03-30 12:16:40.736666
2023-03-23,SOKUHO 2023.03.23.pdf,SKIPPED,Unknown stores in SOKUHO 2023.03.23.pdf: Temporary Stall,2026-03-30 12:16:41.090000
2023-03-24,SOKUHO 2023.03.24.pdf,SKIPPED,Unknown stores in SOKUHO 2023.03.24.pdf: Temporary Stall,2026-03-30 12:16:41.456666
2023-03-25,SOKUHO 2023.03.25.pdf,SKIPPED,Unknown stores in SOKUHO 2023.03.25.pdf: Temporary Stall,2026-03-30 12:16:41.806666
2023-03-26,SOKUHO 2023.03.26.pdf,SKIPPED,Unknown stores in SOKUHO 2023.03.26.pdf: Temporary Stall,2026-03-30 12:16:42.140000
2023-03-27,SOKUHO 2023.03.27.pdf,SKIPPED,Unknown stores in SOKUHO 2023.03.27.pdf: Temporary Stall,2026-03-30 12:16:42.500000
2023-03-28,SOKUHO 2023.03.28.pdf,SKIPPED,Unknown stores in SOKUHO 2023.03.28.pdf: Temporary Stall,2026-03-30 12:16:42.856666
2023-03-29,SOKUHO 2023.03.29.pdf,SKIPPED,Unknown stores in SOKUHO 2023.03.29.pdf: Temporary Stall,2026-03-30 12:16:43.213333
2023-03-30,SOKUHO 2023.03.30.pdf,SKIPPED,Unknown stores in SOKUHO 2023.03.30.pdf: Temporary Stall,2026-03-30 12:16:43.550000
2023-03-31,SOKUHO 2023.03.31.pdf,SKIPPED,Unknown stores in SOKUHO 2023.03.31.pdf: Temporary Stall,2026-03-30 12:16:43.933333
2023-04-20,SOKUHO 2023.04.20.pdf,SKIPPED,Unknown stores in SOKUHO 2023.04.20.pdf: Temporary Stall,2026-03-30 12:16:51.566666
2023-04-21,SOKUHO 2023.04.21.pdf,SKIPPED,Unknown stores in SOKUHO 2023.04.21.pdf: Temporary Stall,2026-03-30 12:16:51.936666
2023-04-22,SOKUHO 2023.04.22.pdf,SKIPPED,Unknown stores in SOKUHO 2023.04.22.pdf: Temporary Stall,2026-03-30 12:16:52.263333
2023-04-23,SOKUHO 2023.04.23.pdf,SKIPPED,Unknown stores in SOKUHO 2023.04.23.pdf: Temporary Stall,2026-03-30 12:16:52.623333
2023-04-24,SOKUHO 2023.04.24.pdf,SKIPPED,Unknown stores in SOKUHO 2023.04.24.pdf: Temporary Stall,2026-03-30 12:16:52.966666
2023-04-25,SOKUHO 2023.04.25.pdf,SKIPPED,Unknown stores in SOKUHO 2023.04.25.pdf: Temporary Stall,2026-03-30 12:16:53.316666
2023-04-26,SOKUHO 2023.04.26.pdf,SKIPPED,Unknown stores in SOKUHO 2023.04.26.pdf: Temporary Stall,2026-03-30 12:16:53.720000
2023-04-27,SOKUHO 2023.04.27.pdf,SKIPPED,Unknown stores in SOKUHO 2023.04.27.pdf: Temporary Stall,2026-03-30 12:16:54.066666
2023-04-28,SOKUHO 2023.04.28.pdf,SKIPPED,Unknown stores in SOKUHO 2023.04.28.pdf: Temporary Stall,2026-03-30 12:16:54.430000
2023-04-29,SOKUHO 2023.04.29.pdf,SKIPPED,Unknown stores in SOKUHO 2023.04.29.pdf: Temporary Stall,2026-03-30 12:16:54.820000
2023-04-30,SOKUHO 2023.04.30.pdf,SKIPPED,Unknown stores in SOKUHO 2023.04.30.pdf: Temporary Stall,2026-03-30 12:16:55.180000
2023-05-08,SOKUHO 2023.05.08.pdf,SKIPPED,Unknown stores in SOKUHO 2023.05.08.pdf: Temporary Stall,2026-03-30 12:16:58.206666
2023-05-09,SOKUHO 2023.05.09.pdf,SKIPPED,Unknown stores in SOKUHO 2023.05.09.pdf: Temporary Stall,2026-03-30 12:16:58.566666
2023-05-10,SOKUHO 2023.05.10.pdf,SKIPPED,Unknown stores in SOKUHO 2023.05.10.pdf: Temporary Stall,2026-03-30 12:16:58.893333
2023-05-11,SOKUHO 2023.05.11.pdf,SKIPPED,Unknown stores in SOKUHO 2023.05.11.pdf: Temporary Stall,2026-03-30 12:16:59.240000
2023-05-12,SOKUHO 2023.05.12.pdf,SKIPPED,Unknown stores in SOKUHO 2023.05.12.pdf: Temporary Stall,2026-03-30 12:16:59.586666
2023-05-13,SOKUHO 2023.05.13.pdf,SKIPPED,Unknown stores in SOKUHO 2023.05.13.pdf: Temporary Stall,2026-03-30 12:16:59.953333
2023-05-14,SOKUHO 2023.05.14.pdf,SKIPPED,Unknown stores in SOKUHO 2023.05.14.pdf: Temporary Stall,2026-03-30 12:17:00.300000
2023-05-15,SOKUHO 2023.05.15.pdf,SKIPPED,Unknown stores in SOKUHO 2023.05.15.pdf: Temporary Stall,2026-03-30 12:17:00.653333
2023-05-16,SOKUHO 2023.05.16.pdf,SKIPPED,Unknown stores in SOKUHO 2023.05.16.pdf: Temporary Stall,2026-03-30 12:17:01
2023-05-17,SOKUHO 2023.05.17.pdf,SKIPPED,Unknown stores in SOKUHO 2023.05.17.pdf: Temporary Stall,2026-03-30 12:17:01.390000
2023-05-18,SOKUHO 2023.05.18.pdf,SKIPPED,Unknown stores in SOKUHO 2023.05.18.pdf: Temporary Stall,2026-03-30 12:17:01.720000
2023-05-19,SOKUHO 2023.05.19.pdf,SKIPPED,Unknown stores in SOKUHO 2023.05.19.pdf: Temporary Stall,2026-03-30 12:17:02.083333
2023-05-20,SOKUHO 2023.05.20.pdf,SKIPPED,Unknown stores in SOKUHO 2023.05.20.pdf: Temporary Stall,2026-03-30 12:17:02.436666
2023-05-21,SOKUHO 2023.05.21.pdf,SKIPPED,Unknown stores in SOKUHO 2023.05.21.pdf: Temporary Stall,2026-03-30 12:17:02.793333
2023-05-22,SOKUHO 2023.05.22.pdf,SKIPPED,Unknown stores in SOKUHO 2023.05.22.pdf: Temporary Stall,2026-03-30 12:17:03.136666
2023-05-23,SOKUHO 2023.05.23.pdf,SKIPPED,Unknown stores in SOKUHO 2023.05.23.pdf: Temporary Stall,2026-03-30 12:17:03.463333
2023-05-24,SOKUHO 2023.05.24 .pdf,SKIPPED,Unknown stores in SOKUHO 2023.05.24 .pdf: Temporary Stall,2026-03-30 12:17:03.870000
2023-05-25,SOKUHO 2023.05.25.pdf,SKIPPED,Unknown stores in SOKUHO 2023.05.25.pdf: Temporary Stall,2026-03-30 12:17:04.240000
2023-05-26,SOKUHO 2023.05.26.pdf,SKIPPED,Unknown stores in SOKUHO 2023.05.26.pdf: Temporary Stall,2026-03-30 12:17:04.596666
2023-05-27,SOKUHO 2023.05.27.pdf,SKIPPED,Unknown stores in SOKUHO 2023.05.27.pdf: Temporary Stall,2026-03-30 12:17:04.933333
2023-05-28,SOKUHO 2023.05.28.pdf,SKIPPED,Unknown stores in SOKUHO 2023.05.28.pdf: Temporary Stall,2026-03-30 12:17:05.283333
2023-05-29,SOKUHO 2023.05.29.pdf,SKIPPED,Unknown stores in SOKUHO 2023.05.29.pdf: Temporary Stall,2026-03-30 12:17:05.640000
2023-05-30,SOKUHO 2023.05.30.pdf,SKIPPED,Unknown stores in SOKUHO 2023.05.30.pdf: Temporary Stall,2026-03-30 12:17:06.003333
2023-05-31,SOKUHO 2023.05.31.pdf,SKIPPED,Unknown stores in SOKUHO 2023.05.31.pdf: Temporary Stall,2026-03-30 12:17:06.336666
2023-06-29,SOKUHO 2023.06.29.pdf,SKIPPED,Unknown stores in SOKUHO 2023.06.29.pdf: Temporary Stall,2026-03-30 12:17:17.863333
2023-06-30,SOKUHO 2023.06.30 .pdf,SKIPPED,Unknown stores in SOKUHO 2023.06.30 .pdf: Temporary Stall,2026-03-30 12:17:18.233333
2023-07-06,SOKUHO 2023.07.06 .pdf,SKIPPED,Unknown stores in SOKUHO 2023.07.06 .pdf: Temporary Stall,2026-03-30 12:17:20.483333
2023-07-07,SOKUHO 2023.07.07.pdf,SKIPPED,Unknown stores in SOKUHO 2023.07.07.pdf: Temporary Stall,2026-03-30 12:17:20.810000
2023-07-08,SOKUHO 2023.07.08.pdf,SKIPPED,Unknown stores in SOKUHO 2023.07.08.pdf: Temporary Stall,2026-03-30 12:17:21.180000
2023-07-09,SOKUHO 2023.07.09.pdf,SKIPPED,Unknown stores in SOKUHO 2023.07.09.pdf: Temporary Stall,2026-03-30 12:17:21.550000
2023-07-10,SOKUHO 2023.07.10.pdf,SKIPPED,Unknown stores in SOKUHO 2023.07.10.pdf: Temporary Stall,2026-03-30 12:17:21.900000
2023-07-11,SOKUHO 2023.07.11.pdf,SKIPPED,Unknown stores in SOKUHO 2023.07.11.pdf: Temporary Stall,2026-03-30 12:17:22.230000
2023-07-12,SOKUHO 2023.07.12.pdf,SKIPPED,Unknown stores in SOKUHO 2023.07.12.pdf: Temporary Stall,2026-03-30 12:17:22.586666
2023-07-13,SOKUHO 2023.07.13.pdf,SKIPPED,Unknown stores in SOKUHO 2023.07.13.pdf: Temporary Stall,2026-03-30 12:17:22.963333
2023-07-14,SOKUHO 2023.07.14 .pdf,SKIPPED,Unknown stores in SOKUHO 2023.07.14 .pdf: Temporary Stall,2026-03-30 12:17:23.340000
2023-07-15,SOKUHO 2023.07.15.pdf,SKIPPED,Unknown stores in SOKUHO 2023.07.15.pdf: Temporary Stall,2026-03-30 12:17:23.700000
2023-07-16,SOKUHO 2023.07.16 .pdf,SKIPPED,Unknown stores in SOKUHO 2023.07.16 .pdf: Temporary Stall,2026-03-30 12:17:24.063333
2023-07-17,SOKUHO 2023.07.17.pdf,SKIPPED,Unknown stores in SOKUHO 2023.07.17.pdf: Temporary Stall,2026-03-30 12:17:24.413333
2023-07-18,SOKUHO 2023.07.18.pdf,SKIPPED,Unknown stores in SOKUHO 2023.07.18.pdf: Temporary Stall,2026-03-30 12:17:24.770000
2023-07-19,SOKUHO 2023.07.19.pdf,SKIPPED,Unknown stores in SOKUHO 2023.07.19.pdf: Temporary Stall,2026-03-30 12:17:25.113333
2023-07-20,SOKUHO 2023.07.20.pdf,SKIPPED,Unknown stores in SOKUHO 2023.07.20.pdf: Temporary Stall,2026-03-30 12:17:25.466666
2023-07-21,SOKUHO 2023.07.21.pdf,SKIPPED,Unknown stores in SOKUHO 2023.07.21.pdf: Temporary Stall,2026-03-30 12:17:25.813333
2023-07-22,SOKUHO 2023.07.22.pdf,SKIPPED,Unknown stores in SOKUHO 2023.07.22.pdf: Temporary Stall,2026-03-30 12:17:26.173333
2023-07-23,SOKUHO 2023.07.23.pdf,SKIPPED,Unknown stores in SOKUHO 2023.07.23.pdf: Temporary Stall,2026-03-30 12:17:26.543333
2023-07-24,SOKUHO 2023.07.24.pdf,SKIPPED,Unknown stores in SOKUHO 2023.07.24.pdf: Temporary Stall,2026-03-30 12:17:26.880000
2023-07-25,SOKUHO 2023.07.25.pdf,SKIPPED,Unknown stores in SOKUHO 2023.07.25.pdf: Temporary Stall,2026-03-30 12:17:27.263333
2023-07-26,SOKUHO 2023.07.26.pdf,SKIPPED,Unknown stores in SOKUHO 2023.07.26.pdf: Temporary Stall,2026-03-30 12:17:27.633333
2023-07-27,SOKUHO 2023.07.27.pdf,SKIPPED,"Unknown stores in SOKUHO 2023.07.27.pdf: Taipei 101, Temporary Stall",2026-03-30 12:17:28
2023-07-28,SOKUHO 2023.07.28.pdf,SKIPPED,"Unknown stores in SOKUHO 2023.07.28.pdf: Taipei 101, Temporary Stall",2026-03-30 12:17:28.340000
2023-07-29,SOKUHO 2023.07.29.pdf,SKIPPED,"Unknown stores in SOKUHO 2023.07.29.pdf: Taipei 101, Temporary Stall",2026-03-30 12:17:28.710000
2023-07-30,SOKUHO 2023.07.30.pdf,SKIPPED,"Unknown stores in SOKUHO 2023.07.30.pdf: Taipei 101, Temporary Stall",2026-03-30 12:17:29.086666
2023-07-31,SOKUHO 2023.07.31.pdf,SKIPPED,"Unknown stores in SOKUHO 2023.07.31.pdf: Taipei 101, Temporary Stall",2026-03-30 12:17:29.466666
2023-08-09,SOKUHO 2023.08.09 .pdf,SKIPPED,"Unknown stores in SOKUHO 2023.08.09 .pdf: Taipei 101, Temporary Stall",2026-03-30 12:17:32.736666
2023-08-10,SOKUHO 2023.08.10.pdf,SKIPPED,"Unknown stores in SOKUHO 2023.08.10.pdf: Taipei 101, Temporary Stall",2026-03-30 12:17:33.093333
2023-08-11,SOKUHO 2023.08.11 .pdf,SKIPPED,"Unknown stores in SOKUHO 2023.08.11 .pdf: Taipei 101, Temporary Stall",2026-03-30 12:17:33.463333
2023-08-12,SOKUHO 2023.08.12.pdf,SKIPPED,"Unknown stores in SOKUHO 2023.08.12.pdf: Taipei 101, Temporary Stall",2026-03-30 12:17:33.880000
2023-08-13,SOKUHO 2023.08.13.pdf,SKIPPED,"Unknown stores in SOKUHO 2023.08.13.pdf: Taipei 101, Temporary Stall",2026-03-30 12:17:34.240000
2023-08-14,SOKUHO 2023.08.14.pdf,SKIPPED,"Unknown stores in SOKUHO 2023.08.14.pdf: Taipei 101, Temporary Stall",2026-03-30 12:17:34.596666
2023-08-15,SOKUHO 2023.08.15.pdf,SKIPPED,"Unknown stores in SOKUHO 2023.08.15.pdf: Taipei 101, Temporary Stall",2026-03-30 12:17:34.966666
2023-08-16,SOKUHO 2023.08.16.pdf,SKIPPED,"Unknown stores in SOKUHO 2023.08.16.pdf: Taipei 101, Temporary Stall",2026-03-30 12:17:35.360000
2023-08-17,SOKUHO 2023.08.17 .pdf,SKIPPED,"Unknown stores in SOKUHO 2023.08.17 .pdf: Taipei 101, Temporary Stall",2026-03-30 12:17:35.760000
2023-08-18,SOKUHO 2023.08.18 .pdf,SKIPPED,"Unknown stores in SOKUHO 2023.08.18 .pdf: Taipei 101, Temporary Stall",2026-03-30 12:17:36.096666
2023-08-19,SOKUHO 2023.08.19.pdf,SKIPPED,"Unknown stores in SOKUHO 2023.08.19.pdf: Taipei 101, Temporary Stall",2026-03-30 12:17:36.466666
2023-08-20,SOKUHO 2023.08.20.pdf,SKIPPED,"Unknown stores in SOKUHO 2023.08.20.pdf: Taipei 101, Temporary Stall",2026-03-30 12:17:36.833333
2023-08-21,SOKUHO 2023.08.21.pdf,SKIPPED,"Unknown stores in SOKUHO 2023.08.21.pdf: Taipei 101, Temporary Stall",2026-03-30 12:17:37.250000
2023-08-22,SOKUHO 2023.08.22.pdf,SKIPPED,"Unknown stores in SOKUHO 2023.08.22.pdf: Taipei 101, Temporary Stall",2026-03-30 12:17:37.606666
2023-08-23,SOKUHO 2023.08.23 .pdf,SKIPPED,"Unknown stores in SOKUHO 2023.08.23 .pdf: Taipei 101, Temporary Stall",2026-03-30 12:17:37.963333
2023-08-24,SOKUHO 2023.08.24.pdf,SKIPPED,"Unknown stores in SOKUHO 2023.08.24.pdf: Taipei 101, Temporary Stall",2026-03-30 12:17:38.303333
2023-08-25,SOKUHO 2023.08.25.pdf,SKIPPED,"Unknown stores in SOKUHO 2023.08.25.pdf: Taipei 101, Temporary Stall",2026-03-30 12:17:38.706666
2023-08-26,SOKUHO 2023.08.26.pdf,SKIPPED,"Unknown stores in SOKUHO 2023.08.26.pdf: Taipei 101, Temporary Stall",2026-03-30 12:17:39.033333
2023-08-27,SOKUHO 2023.08.27.pdf,SKIPPED,"Unknown stores in SOKUHO 2023.08.27.pdf: Taipei 101, Temporary Stall",2026-03-30 12:17:39.376666
2023-08-28,SOKUHO 2023.08.28.pdf,SKIPPED,"Unknown stores in SOKUHO 2023.08.28.pdf: Taipei 101, Temporary Stall",2026-03-30 12:17:39.710000
2023-08-29,SOKUHO 2023.08.29.pdf,SKIPPED,"Unknown stores in SOKUHO 2023.08.29.pdf: Taipei 101, Temporary Stall",2026-03-30 12:17:40.070000
2023-08-30,SOKUHO 2023.08.30.pdf,SKIPPED,"Unknown stores in SOKUHO 2023.08.30.pdf: Taipei 101, Temporary Stall",2026-03-30 12:17:40.423333
2023-08-31,SOKUHO 2023.08.31.pdf,SKIPPED,"Unknown stores in SOKUHO 2023.08.31.pdf: Taipei 101, Temporary Stall",2026-03-30 12:17:40.780000
2023-09-25,SOKUHO 2023.09.25.pdf,SKIPPED,"Unknown stores in SOKUHO 2023.09.25.pdf: Taipei 101, Temporary Stall",2026-03-30 12:17:49.970000
2023-09-26,SOKUHO 2023.09.26.pdf,SKIPPED,"Unknown stores in SOKUHO 2023.09.26.pdf: Taipei 101, Temporary Stall",2026-03-30 12:17:50.333333
2023-09-27,SOKUHO 2023.09.27.pdf,SKIPPED,"Unknown stores in SOKUHO 2023.09.27.pdf: Taipei 101, Temporary Stall",2026-03-30 12:17:50.686666
2023-09-28,SOKUHO 2023.09.28.pdf,SKIPPED,"Unknown stores in SOKUHO 2023.09.28.pdf: Taipei 101, Temporary Stall",2026-03-30 12:17:51.073333
2023-09-29,SOKUHO 2023.09.29.pdf,SKIPPED,"Unknown stores in SOKUHO 2023.09.29.pdf: Taipei 101, Temporary Stall",2026-03-30 12:17:51.520000
2023-09-30,SOKUHO 2023.09.30.pdf,SKIPPED,"Unknown stores in SOKUHO 2023.09.30.pdf: Taipei 101, Temporary Stall",2026-03-30 12:17:51.913333
2023-11-02,SOKUHO 2023.11.02.pdf,SKIPPED,"Unknown stores in SOKUHO 2023.11.02.pdf: Gloria Outlets, Taipei 101, Temporary Stall",2026-03-30 12:18:03.520000
2023-11-07,SOKUHO 2023.11.07.pdf,SKIPPED,"Unknown stores in SOKUHO 2023.11.07.pdf: Taipei 101, Temporary Stall",2026-03-30 12:18:05.260000
2023-11-08,SOKUHO 2023.11.08.pdf,SKIPPED,"Unknown stores in SOKUHO 2023.11.08.pdf: Taipei 101, Temporary Stall",2026-03-30 12:18:05.636666
2023-11-09,SOKUHO 2023.11.09.pdf,SKIPPED,"Unknown stores in SOKUHO 2023.11.09.pdf: Taipei 101, Temporary Stall",2026-03-30 12:18:06.023333
2023-11-10,SOKUHO 2023.11.10.pdf,SKIPPED,"Unknown stores in SOKUHO 2023.11.10.pdf: Taipei 101, Temporary Stall",2026-03-30 12:18:06.380000
2023-11-11,SOKUHO 2023.11.11.pdf,SKIPPED,"Unknown stores in SOKUHO 2023.11.11.pdf: Taipei 101, Temporary Stall",2026-03-30 12:18:06.736666
2023-11-12,SOKUHO 2023.11.12.pdf,SKIPPED,"Unknown stores in SOKUHO 2023.11.12.pdf: Taipei 101, Temporary Stall",2026-03-30 12:18:07.090000
2023-11-13,SOKUHO 2023.11.13.pdf,SKIPPED,"Unknown stores in SOKUHO 2023.11.13.pdf: Taipei 101, Temporary Stall",2026-03-30 12:18:07.450000
2023-11-14,SOKUHO 2023.11.14.pdf,SKIPPED,"Unknown stores in SOKUHO 2023.11.14.pdf: Taipei 101, Temporary Stall",2026-03-30 12:18:07.780000
2023-11-15,SOKUHO 2023.11.15.pdf,SKIPPED,"Unknown stores in SOKUHO 2023.11.15.pdf: Taipei 101, Temporary Stall",2026-03-30 12:18:08.130000
2023-11-16,SOKUHO 2023.11.16.pdf,SKIPPED,"Unknown stores in SOKUHO 2023.11.16.pdf: Taipei 101, Temporary Stall",2026-03-30 12:18:08.503333
2023-11-17,SOKUHO 2023.11.17.pdf,SKIPPED,"Unknown stores in SOKUHO 2023.11.17.pdf: Taipei 101, Temporary Stall",2026-03-30 12:18:08.860000
2023-11-18,SOKUHO 2023.11.18.pdf,SKIPPED,"Unknown stores in SOKUHO 2023.11.18.pdf: Taipei 101, Temporary Stall",2026-03-30 12:18:09.210000
2023-11-19,SOKUHO 2023.11.19.pdf,SKIPPED,"Unknown stores in SOKUHO 2023.11.19.pdf: Taipei 101, Temporary Stall",2026-03-30 12:18:09.570000
2023-11-20,SOKUHO 2023.11.20.pdf,SKIPPED,"Unknown stores in SOKUHO 2023.11.20.pdf: Taipei 101, Temporary Stall",2026-03-30 12:18:09.940000
2023-11-21,SOKUHO 2023.11.21.pdf,SKIPPED,"Unknown stores in SOKUHO 2023.11.21.pdf: Taipei 101, Temporary Stall",2026-03-30 12:18:10.326666
2023-11-22,SOKUHO 2023.11.22.pdf,SKIPPED,"Unknown stores in SOKUHO 2023.11.22.pdf: Taipei 101, Temporary Stall",2026-03-30 12:18:10.663333
2023-11-23,SOKUHO 2023.11.23.pdf,SKIPPED,"Unknown stores in SOKUHO 2023.11.23.pdf: Taipei 101, Temporary Stall",2026-03-30 12:18:10.993333
2023-11-24,SOKUHO 2023.11.24.pdf,SKIPPED,"Unknown stores in SOKUHO 2023.11.24.pdf: Taipei 101, Temporary Stall",2026-03-30 12:18:11.383333
2023-11-25,SOKUHO 2023.11.25.pdf,SKIPPED,"Unknown stores in SOKUHO 2023.11.25.pdf: Taipei 101, Temporary Stall",2026-03-30 12:18:11.783333
2023-11-26,SOKUHO 2023.11.26.pdf,SKIPPED,"Unknown stores in SOKUHO 2023.11.26.pdf: Taipei 101, Temporary Stall",2026-03-30 12:18:12.153333
2023-11-27,SOKUHO 2023.11.27.pdf,SKIPPED,"Unknown stores in SOKUHO 2023.11.27.pdf: Taipei 101, Temporary Stall",2026-03-30 12:18:12.490000
2023-11-28,SOKUHO 2023.11.28.pdf,SKIPPED,"Unknown stores in SOKUHO 2023.11.28.pdf: Gloria Outlets, Taipei 101, Temporary Stall",2026-03-30 12:18:12.860000
2023-11-29,SOKUHO 2023.11.29.pdf,SKIPPED,"Unknown stores in SOKUHO 2023.11.29.pdf: Gloria Outlets, Taipei 101, Temporary Stall",2026-03-30 12:18:13.240000
2023-11-30,SOKUHO 2023.11.30.pdf,SKIPPED,"Unknown stores in SOKUHO 2023.11.30.pdf: Gloria Outlets, Taipei 101, Temporary Stall",2026-03-30 12:18:13.670000
2023-12-01,SOKUHO 2023.12.01.pdf,SKIPPED,"Unknown stores in SOKUHO 2023.12.01.pdf: Gloria Outlets, Temporary Stall",2026-03-30 12:18:14.003333
2023-12-02,SOKUHO 2023.12.02.pdf,SKIPPED,"Unknown stores in SOKUHO 2023.12.02.pdf: Gloria Outlets, Temporary Stall",2026-03-30 12:18:14.360000
2023-12-03,SOKUHO 2023.12.03.pdf,SKIPPED,"Unknown stores in SOKUHO 2023.12.03.pdf: Gloria Outlets, Temporary Stall",2026-03-30 12:18:14.730000
2023-12-04,SOKUHO 2023.12.04.pdf,SKIPPED,"Unknown stores in SOKUHO 2023.12.04.pdf: Gloria Outlets, Taipei 101, Temporary Stall",2026-03-30 12:18:15.113333
2023-12-05,SOKUHO 2023.12.05.pdf,SKIPPED,"Unknown stores in SOKUHO 2023.12.05.pdf: Gloria Outlets, Taipei 101, Temporary Stall",2026-03-30 12:18:15.450000
2023-12-06,SOKUHO 2023.12.06 .pdf,SKIPPED,"Unknown stores in SOKUHO 2023.12.06 .pdf: Gloria Outlets, Taipei 101, Temporary Stall",2026-03-30 12:18:15.820000
2023-12-07,SOKUHO 2023.12.07 .pdf,SKIPPED,"Unknown stores in SOKUHO 2023.12.07 .pdf: Gloria Outlets, Taipei 101, Temporary Stall",2026-03-30 12:18:16.190000
2023-12-08,SOKUHO 2023.12.08.pdf,SKIPPED,"Unknown stores in SOKUHO 2023.12.08.pdf: Gloria Outlets, Taipei 101, Temporary Stall",2026-03-30 12:18:16.576666
2023-12-09,SOKUHO 2023.12.09.pdf,SKIPPED,"Unknown stores in SOKUHO 2023.12.09.pdf: Gloria Outlets, Taipei 101, Temporary Stall",2026-03-30 12:18:16.920000
2023-12-10,SOKUHO 2023.12.10.pdf,SKIPPED,"Unknown stores in SOKUHO 2023.12.10.pdf: Gloria Outlets, Taipei 101, Temporary Stall",2026-03-30 12:18:17.260000
2023-12-11,SOKUHO 2023.12.11.pdf,SKIPPED,"Unknown stores in SOKUHO 2023.12.11.pdf: Gloria Outlets, Taipei 101, Temporary Stall",2026-03-30 12:18:17.650000
2023-12-12,SOKUHO 2023.12.12.pdf,SKIPPED,"Unknown stores in SOKUHO 2023.12.12.pdf: Gloria Outlets, Taipei 101, Temporary Stall",2026-03-30 12:18:18.036666
2023-12-13,SOKUHO 2023.12.13.pdf,SKIPPED,"Unknown stores in SOKUHO 2023.12.13.pdf: Gloria Outlets, Taipei 101, Temporary Stall",2026-03-30 12:18:18.390000
2023-12-14,SOKUHO 2023.12.14.pdf,SKIPPED,"Unknown stores in SOKUHO 2023.12.14.pdf: Gloria Outlets, Taipei 101, Temporary Stall",2026-03-30 12:18:18.730000
2023-12-15,SOKUHO 2023.12.15.pdf,SKIPPED,"Unknown stores in SOKUHO 2023.12.15.pdf: Gloria Outlets, Taipei 101, Temporary Stall",2026-03-30 12:18:19.110000
2023-12-16,SOKUHO 2023.12.16.pdf,SKIPPED,"Unknown stores in SOKUHO 2023.12.16.pdf: Gloria Outlets, Taipei 101, Temporary Stall",2026-03-30 12:18:19.500000
2023-12-17,SOKUHO 2023.12.17.pdf,SKIPPED,"Unknown stores in SOKUHO 2023.12.17.pdf: Gloria Outlets, Taipei 101, Temporary Stall",2026-03-30 12:18:19.890000
2023-12-18,SOKUHO 2023.12.18.pdf,SKIPPED,"Unknown stores in SOKUHO 2023.12.18.pdf: Gloria Outlets, Taipei 101, Temporary Stall",2026-03-30 12:18:20.246666
2023-12-19,SOKUHO 2023.12.19.pdf,SKIPPED,"Unknown stores in SOKUHO 2023.12.19.pdf: Gloria Outlets, Taipei 101, Temporary Stall",2026-03-30 12:18:20.613333
2023-12-20,SOKUHO 2023.12.20.pdf,SKIPPED,"Unknown stores in SOKUHO 2023.12.20.pdf: Gloria Outlets, Taipei 101, Temporary Stall",2026-03-30 12:18:20.970000
2023-12-21,SOKUHO 2023.12.21.pdf,SKIPPED,"Unknown stores in SOKUHO 2023.12.21.pdf: Gloria Outlets, Taipei 101, Temporary Stall",2026-03-30 12:18:21.330000
2023-12-22,SOKUHO 2023.12.22.pdf,SKIPPED,"Unknown stores in SOKUHO 2023.12.22.pdf: Gloria Outlets, Taipei 101, Temporary Stall",2026-03-30 12:18:21.660000
2023-12-23,SOKUHO 2023.12.23.pdf,SKIPPED,"Unknown stores in SOKUHO 2023.12.23.pdf: Gloria Outlets, Taipei 101, Temporary Stall",2026-03-30 12:18:22.010000
2023-12-24,SOKUHO 2023.12.24.pdf,SKIPPED,"Unknown stores in SOKUHO 2023.12.24.pdf: Gloria Outlets, Taipei 101, Temporary Stall",2026-03-30 12:18:22.350000
2023-12-25,SOKUHO 2023.12.25.pdf,SKIPPED,"Unknown stores in SOKUHO 2023.12.25.pdf: Gloria Outlets, Taipei 101, Temporary Stall",2026-03-30 12:18:22.716666
2023-12-26,SOKUHO 2023.12.26.pdf,SKIPPED,"Unknown stores in SOKUHO 2023.12.26.pdf: Gloria Outlets, Taipei 101, Temporary Stall",2026-03-30 12:18:23.116666
2023-12-27,SOKUHO 2023.12.27.pdf,SKIPPED,"Unknown stores in SOKUHO 2023.12.27.pdf: Gloria Outlets, Taipei 101, Temporary Stall",2026-03-30 12:18:23.473333
2023-12-28,SOKUHO 2023.12.28 .pdf,SKIPPED,"Unknown stores in SOKUHO 2023.12.28 .pdf: Gloria Outlets, Taipei 101, Temporary Stall",2026-03-30 12:18:23.893333
2023-12-29,SOKUHO 2023.12.29.pdf,SKIPPED,"Unknown stores in SOKUHO 2023.12.29.pdf: Gloria Outlets, Taipei 101, Temporary Stall",2026-03-30 12:18:24.293333
2023-12-30,SOKUHO 2023.12.30.pdf,SKIPPED,"Unknown stores in SOKUHO 2023.12.30.pdf: Gloria Outlets, Taipei 101, Temporary Stall",2026-03-30 12:18:24.646666
2023-12-31,SOKUHO 2023.12.31.pdf,SKIPPED,"Unknown stores in SOKUHO 2023.12.31.pdf: Gloria Outlets, Taipei 101, Temporary Stall",2026-03-30 12:18:24.990000
2024-01-01,SOKUHO 2024.01.01.pdf,SKIPPED,"Unknown stores in SOKUHO 2024.01.01.pdf: Gloria Outlets, Temporary Stall",2026-03-30 12:18:25.356666
2024-01-02,SOKUHO 2024.01.02.pdf,SKIPPED,"Unknown stores in SOKUHO 2024.01.02.pdf: Gloria Outlets, Temporary Stall",2026-03-30 12:18:25.706666
2024-01-03,SOKUHO 2024.01.03.pdf,SKIPPED,"Unknown stores in SOKUHO 2024.01.03.pdf: Gloria Outlets, Temporary Stall",2026-03-30 12:18:26.033333
2024-01-04,SOKUHO 2024.01.04.pdf,SKIPPED,"Unknown stores in SOKUHO 2024.01.04.pdf: Gloria Outlets, Temporary Stall",2026-03-30 12:18:26.340000
2024-01-05,SOKUHO 2024.01.05.pdf,SKIPPED,"Unknown stores in SOKUHO 2024.01.05.pdf: Gloria Outlets, Temporary Stall",2026-03-30 12:18:26.643333
2024-01-06,SOKUHO 2024.01.06.pdf,SKIPPED,"Unknown stores in SOKUHO 2024.01.06.pdf: Gloria Outlets, Temporary Stall",2026-03-30 12:18:26.983333
2024-01-07,SOKUHO 2024.01.07.pdf,SKIPPED,"Unknown stores in SOKUHO 2024.01.07.pdf: Gloria Outlets, Temporary Stall",2026-03-30 12:18:27.333333
2024-01-08,SOKUHO 2024.01.08.pdf,SKIPPED,"Unknown stores in SOKUHO 2024.01.08.pdf: Gloria Outlets, Temporary Stall",2026-03-30 12:18:27.650000
2024-01-09,SOKUHO 2024.01.09.pdf,SKIPPED,"Unknown stores in SOKUHO 2024.01.09.pdf: Gloria Outlets, Temporary Stall",2026-03-30 12:18:27.970000
2024-01-10,SOKUHO 2024.01.10.pdf,SKIPPED,"Unknown stores in SOKUHO 2024.01.10.pdf: Gloria Outlets, Temporary Stall",2026-03-30 12:18:28.306666
2024-01-11,SOKUHO 2024.01.11.pdf,SKIPPED,"Unknown stores in SOKUHO 2024.01.11.pdf: Gloria Outlets, Temporary Stall",2026-03-30 12:18:28.626666
2024-01-12,SOKUHO 2024.01.12.pdf,SKIPPED,"Unknown stores in SOKUHO 2024.01.12.pdf: Gloria Outlets, Temporary Stall",2026-03-30 12:18:28.983333
2024-01-13,SOKUHO 2024.01.13.pdf,SKIPPED,"Unknown stores in SOKUHO 2024.01.13.pdf: Gloria Outlets, Temporary Stall",2026-03-30 12:18:29.303333
2024-01-14,SOKUHO 2024.01.14.pdf,SKIPPED,"Unknown stores in SOKUHO 2024.01.14.pdf: Gloria Outlets, Temporary Stall",2026-03-30 12:18:29.636666
2024-01-15,SOKUHO 2024.01.15.pdf,SKIPPED,"Unknown stores in SOKUHO 2024.01.15.pdf: Gloria Outlets, Temporary Stall",2026-03-30 12:18:29.956666
2024-01-16,SOKUHO 2024.01.16.pdf,SKIPPED,"Unknown stores in SOKUHO 2024.01.16.pdf: Gloria Outlets, Temporary Stall",2026-03-30 12:18:30.310000
2024-01-17,SOKUHO 2024.01.17.pdf,SKIPPED,"Unknown stores in SOKUHO 2024.01.17.pdf: Gloria Outlets, Temporary Stall",2026-03-30 12:18:30.643333
2024-01-18,SOKUHO 2024.01.18.pdf,SKIPPED,"Unknown stores in SOKUHO 2024.01.18.pdf: Gloria Outlets, Temporary Stall",2026-03-30 12:18:30.983333
2024-01-19,SOKUHO 2024.01.19.pdf,SKIPPED,"Unknown stores in SOKUHO 2024.01.19.pdf: Gloria Outlets, Temporary Stall",2026-03-30 12:18:31.346666
2024-01-20,SOKUHO 2024.01.20.pdf,SKIPPED,"Unknown stores in SOKUHO 2024.01.20.pdf: Gloria Outlets, Temporary Stall",2026-03-30 12:18:31.686666
2024-01-21,SOKUHO 2024.01.21.pdf,SKIPPED,"Unknown stores in SOKUHO 2024.01.21.pdf: Gloria Outlets, Temporary Stall",2026-03-30 12:18:32.056666
2024-01-22,SOKUHO 2024.01.22.pdf,SKIPPED,"Unknown stores in SOKUHO 2024.01.22.pdf: Gloria Outlets, Temporary Stall",2026-03-30 12:18:32.370000
2024-01-23,SOKUHO 2024.01.23.pdf,SKIPPED,"Unknown stores in SOKUHO 2024.01.23.pdf: Gloria Outlets, Temporary Stall",2026-03-30 12:18:32.726666
2024-01-24,SOKUHO 2024.01.24.pdf,SKIPPED,"Unknown stores in SOKUHO 2024.01.24.pdf: Gloria Outlets, Temporary Stall",2026-03-30 12:18:33.056666
2024-01-25,SOKUHO 2024.01.25.pdf,SKIPPED,"Unknown stores in SOKUHO 2024.01.25.pdf: Gloria Outlets, Temporary Stall",2026-03-30 12:18:33.413333
2024-01-26,SOKUHO 2024.01.26.pdf,SKIPPED,"Unknown stores in SOKUHO 2024.01.26.pdf: Gloria Outlets, Temporary Stall",2026-03-30 12:18:33.790000
2024-01-27,SOKUHO 2024.01.27.pdf,SKIPPED,"Unknown stores in SOKUHO 2024.01.27.pdf: Gloria Outlets, Temporary Stall",2026-03-30 12:18:34.110000
2024-01-28,SOKUHO 2024.01.28 .pdf,SKIPPED,"Unknown stores in SOKUHO 2024.01.28 .pdf: Gloria Outlets, Temporary Stall",2026-03-30 12:18:34.460000
2024-01-29,SOKUHO 2024.01.29 .pdf,SKIPPED,"Unknown stores in SOKUHO 2024.01.29 .pdf: Gloria Outlets, Temporary Stall",2026-03-30 12:18:34.830000
2024-01-30,SOKUHO 2024.01.30.pdf,SKIPPED,"Unknown stores in SOKUHO 2024.01.30.pdf: Gloria Outlets, Temporary Stall",2026-03-30 12:18:35.173333
2024-01-31,SOKUHO 2024.01.31.pdf,SKIPPED,"Unknown stores in SOKUHO 2024.01.31.pdf: Gloria Outlets, Temporary Stall",2026-03-30 12:18:35.496666
